startdateTime,TFPrecipBulkAvg
2021-02-01T00:00:00Z,0.3608
2021-02-01T00:30:00Z,0.21900000000000003
2021-02-01T01:00:00Z,0.29600000000000004
2021-02-01T01:30:00Z,0.15420000000000003
2021-02-01T02:00:00Z,0.1286
2021-02-01T02:30:00Z,0.0774
2021-02-01T03:00:00Z,0.1544
2021-02-01T03:30:00Z,0.11579999999999999
2021-02-01T04:00:00Z,0.2706
2021-02-01T04:30:00Z,0.1286
2021-02-01T05:00:00Z,0.18019999999999997
2021-02-01T05:30:00Z,0.1028
2021-02-01T06:00:00Z,0.09
2021-02-01T06:30:00Z,0.0902
2021-02-01T07:00:00Z,0.11560000000000001
2021-02-01T07:30:00Z,0.14140000000000003
2021-02-01T08:00:00Z,0.18
2021-02-01T08:30:00Z,0.12840000000000001
2021-02-01T09:00:00Z,0.14120000000000002
2021-02-01T09:30:00Z,0.2318
2021-02-01T10:00:00Z,0.43740000000000007
2021-02-01T10:30:00Z,0.42380000000000007
2021-02-01T11:00:00Z,0.30820000000000003
2021-02-01T11:30:00Z,0.21799999999999997
2021-02-01T12:00:00Z,0.14120000000000002
2021-02-01T12:30:00Z,0.23120000000000002
2021-02-01T13:00:00Z,0.154
2021-02-01T13:30:00Z,0.1026
2021-02-01T14:00:00Z,0.1028
2021-02-01T14:30:00Z,0.0644
2021-02-01T15:00:00Z,0.077
2021-02-01T15:30:00Z,0.0128
2021-02-01T16:00:00Z,0.0644
2021-02-01T16:30:00Z,0.0258
2021-02-01T17:00:00Z,0.038400000000000004
2021-02-01T17:30:00Z,0.0388
2021-02-01T18:00:00Z,0.0256
2021-02-01T18:30:00Z,0.0258
2021-02-01T19:00:00Z,0.0518
2021-02-01T19:30:00Z,0.0386
2021-02-01T20:00:00Z,0.013000000000000001
2021-02-01T20:30:00Z,0.1548
2021-02-01T21:00:00Z,0.15460000000000002
2021-02-01T21:30:00Z,0.2832
2021-02-01T22:00:00Z,0.515
2021-02-01T22:30:00Z,0.32100000000000006
2021-02-01T23:00:00Z,0.2696
2021-02-01T23:30:00Z,0.2698
2021-02-02T00:00:00Z,0.3986
2021-02-02T00:30:00Z,0.25660000000000005
2021-02-02T01:00:00Z,0.17959999999999998
2021-02-02T01:30:00Z,0.17959999999999998
2021-02-02T02:00:00Z,0.1282
2021-02-02T02:30:00Z,0.30900000000000005
2021-02-02T03:00:00Z,0.578
2021-02-02T03:30:00Z,0.398
2021-02-02T04:00:00Z,0.462
2021-02-02T04:30:00Z,0.5266
2021-02-02T05:00:00Z,0.6548
2021-02-02T05:30:00Z,0.2564
2021-02-02T06:00:00Z,0.11499999999999999
2021-02-02T06:30:00Z,0.0514
2021-02-02T07:00:00Z,0.0386
2021-02-02T07:30:00Z,0.3478
2021-02-02T08:00:00Z,0.10300000000000001
2021-02-02T08:30:00Z,0.5538000000000001
2021-02-02T09:00:00Z,0.6044
2021-02-02T09:30:00Z,0.7074
2021-02-02T10:00:00Z,1.7739999999999998
2021-02-02T10:30:00Z,0.8598000000000001
2021-02-02T11:00:00Z,1.2714
2021-02-02T11:30:00Z,0.9112
2021-02-02T12:00:00Z,0.6932
2021-02-02T12:30:00Z,0.5384
2021-02-02T13:00:00Z,0.475
2021-02-02T13:30:00Z,0.5014000000000001
2021-02-02T14:00:00Z,1.9137999999999997
2021-02-02T14:30:00Z,0.7954000000000001
2021-02-02T15:00:00Z,0.6542
2021-02-02T15:30:00Z,0.7314
2021-02-02T16:00:00Z,0.5646
2021-02-02T16:30:00Z,0.6166
2021-02-02T17:00:00Z,0.3978
2021-02-02T17:30:00Z,0.3982
2021-02-02T18:00:00Z,0.347
2021-02-02T18:30:00Z,0.3208
2021-02-02T19:00:00Z,0.2964
2021-02-02T19:30:00Z,1.0032
2021-02-02T20:00:00Z,0.205
2021-02-02T20:30:00Z,0.0898
2021-02-02T21:00:00Z,0.23200000000000004
2021-02-02T21:30:00Z,0.2062
2021-02-02T22:00:00Z,0.3346
2021-02-02T22:30:00Z,1.0802
2021-02-02T23:00:00Z,0.7712000000000001
2021-02-02T23:30:00Z,0.3206
2021-02-03T00:00:00Z,0.21799999999999997
2021-02-03T00:30:00Z,0.38520000000000004
2021-02-03T01:00:00Z,1.1703999999999999
2021-02-03T01:30:00Z,1.2191999999999998
2021-02-03T02:00:00Z,0.2306
2021-02-03T02:30:00Z,0.5918
2021-02-03T03:00:00Z,1.1705999999999999
2021-02-03T03:30:00Z,2.1210000000000004
2021-02-03T04:00:00Z,1.528
2021-02-03T04:30:00Z,0.8210000000000001
2021-02-03T05:00:00Z,0.616
2021-02-03T05:30:00Z,0.2562
2021-02-03T06:00:00Z,0.3598
2021-02-03T06:30:00Z,0.8353999999999999
2021-02-03T07:00:00Z,0.8994
2021-02-03T07:30:00Z,1.4252
2021-02-03T08:00:00Z,0.8460000000000001
2021-02-03T08:30:00Z,0.4736000000000001
2021-02-03T09:00:00Z,0.179
2021-02-03T09:30:00Z,0.11499999999999999
2021-02-03T10:00:00Z,0.1282
2021-02-03T10:30:00Z,0.0898
2021-02-03T11:00:00Z,0.11560000000000001
2021-02-03T11:30:00Z,0.154
2021-02-03T12:00:00Z,0.2314
2021-02-03T12:30:00Z,0.2182
2021-02-03T13:00:00Z,0.20539999999999997
2021-02-03T13:30:00Z,0.19259999999999997
2021-02-03T14:00:00Z,0.1544
2021-02-03T14:30:00Z,0.11539999999999999
2021-02-03T15:00:00Z,0.1026
2021-02-03T15:30:00Z,0.1028
2021-02-03T16:00:00Z,0.1028
2021-02-03T16:30:00Z,0.128
2021-02-03T17:00:00Z,0.1796
2021-02-03T17:30:00Z,0.24339999999999998
2021-02-03T18:00:00Z,0.3588
2021-02-03T18:30:00Z,0.47359999999999997
2021-02-03T19:00:00Z,0.6396
2021-02-03T19:30:00Z,0.6778
2021-02-03T20:00:00Z,0.8966000000000001
2021-02-03T20:30:00Z,0.8984
2021-02-03T21:00:00Z,0.6678
2021-02-03T21:30:00Z,0.5916
2021-02-03T22:00:00Z,0.5147999999999999
2021-02-03T22:30:00Z,0.42519999999999997
2021-02-03T23:00:00Z,0.3738
2021-02-03T23:30:00Z,0.27099999999999996
2021-02-04T00:00:00Z,0.20659999999999998
2021-02-04T00:30:00Z,0.2192
2021-02-04T01:00:00Z,0.1162
2021-02-04T01:30:00Z,0.129
2021-02-04T02:00:00Z,0.09040000000000001
2021-02-04T02:30:00Z,0.0516
2021-02-04T03:00:00Z,0.0388
2021-02-04T03:30:00Z,0.0386
2021-02-04T04:00:00Z,0.0388
2021-02-04T04:30:00Z,0.0
2021-02-04T05:00:00Z,0.0128
2021-02-04T05:30:00Z,0.013000000000000001
2021-02-04T06:00:00Z,0.0258
2021-02-04T06:30:00Z,0.0
2021-02-04T07:00:00Z,0.0128
2021-02-04T07:30:00Z,0.0388
2021-02-04T08:00:00Z,0.0516
2021-02-04T08:30:00Z,0.0644
2021-02-04T09:00:00Z,0.026000000000000002
2021-02-04T09:30:00Z,0.0644
2021-02-04T10:00:00Z,0.0388
2021-02-04T10:30:00Z,0.0258
2021-02-04T11:00:00Z,0.0388
2021-02-04T11:30:00Z,0.0
2021-02-04T12:00:00Z,0.0258
2021-02-04T12:30:00Z,0.0386
2021-02-04T13:00:00Z,0.013000000000000001
2021-02-04T13:30:00Z,0.0258
2021-02-04T14:00:00Z,0.013000000000000001
2021-02-04T14:30:00Z,0.0386
2021-02-04T15:00:00Z,0.013000000000000001
2021-02-04T15:30:00Z,0.0258
2021-02-04T16:00:00Z,0.0388
2021-02-04T16:30:00Z,0.039
2021-02-04T17:00:00Z,0.10300000000000001
2021-02-04T17:30:00Z,0.129
2021-02-04T18:00:00Z,0.12920000000000004
2021-02-04T18:30:00Z,0.21939999999999998
2021-02-04T19:00:00Z,0.2582
2021-02-04T19:30:00Z,0.24500000000000002
2021-02-04T20:00:00Z,0.20679999999999996
2021-02-04T20:30:00Z,0.18080000000000002
2021-02-04T21:00:00Z,0.1552
2021-02-04T21:30:00Z,0.168
2021-02-04T22:00:00Z,0.0776
2021-02-04T22:30:00Z,0.0906
2021-02-04T23:00:00Z,0.0516
2021-02-04T23:30:00Z,0.0518
2021-02-05T00:00:00Z,0.0258
2021-02-05T00:30:00Z,0.026000000000000002
2021-02-05T01:00:00Z,0.026000000000000002
2021-02-05T01:30:00Z,0.0386
2021-02-05T02:00:00Z,0.013000000000000001
2021-02-05T02:30:00Z,0.0388
2021-02-05T03:00:00Z,0.0258
2021-02-05T03:30:00Z,0.0518
2021-02-05T04:00:00Z,0.013000000000000001
2021-02-05T04:30:00Z,0.026000000000000002
2021-02-05T05:00:00Z,0.0256
2021-02-05T05:30:00Z,0.0388
2021-02-05T06:00:00Z,0.0
2021-02-05T06:30:00Z,0.0644
2021-02-05T07:00:00Z,0.0516
2021-02-05T07:30:00Z,0.0772
2021-02-05T08:00:00Z,0.026000000000000002
2021-02-05T08:30:00Z,0.0386
2021-02-05T09:00:00Z,0.0516
2021-02-05T09:30:00Z,0.0774
2021-02-05T10:00:00Z,0.18039999999999998
2021-02-05T10:30:00Z,0.2318
2021-02-05T11:00:00Z,0.3992
2021-02-05T11:30:00Z,0.6302
2021-02-05T12:00:00Z,0.8872
2021-02-05T12:30:00Z,0.8608
2021-02-05T13:00:00Z,0.4744
2021-02-05T13:30:00Z,0.2306
2021-02-05T14:00:00Z,0.1794
2021-02-05T14:30:00Z,0.128
2021-02-05T15:00:00Z,0.11539999999999999
2021-02-05T15:30:00Z,0.0512
2021-02-05T16:00:00Z,0.051000000000000004
2021-02-05T16:30:00Z,0.0514
2021-02-05T17:00:00Z,0.0254
2021-02-05T17:30:00Z,0.026000000000000002
2021-02-05T18:00:00Z,0.038400000000000004
2021-02-05T18:30:00Z,0.0258
2021-02-05T19:00:00Z,0.0128
2021-02-05T19:30:00Z,0.0256
2021-02-05T20:00:00Z,0.013000000000000001
2021-02-05T20:30:00Z,0.013000000000000001
2021-02-05T21:00:00Z,0.0128
2021-02-05T21:30:00Z,0.0128
2021-02-05T22:00:00Z,0.0
2021-02-05T22:30:00Z,0.0
2021-02-05T23:00:00Z,0.0
2021-02-05T23:30:00Z,0.0
2021-02-06T00:00:00Z,0.0
2021-02-06T00:30:00Z,0.0258
2021-02-06T01:00:00Z,0.0388
2021-02-06T01:30:00Z,0.0
2021-02-06T02:00:00Z,0.0128
2021-02-06T02:30:00Z,0.0
2021-02-06T03:00:00Z,0.0258
2021-02-06T03:30:00Z,0.0
2021-02-06T04:00:00Z,0.0258
2021-02-06T04:30:00Z,0.013000000000000001
2021-02-06T05:00:00Z,0.0
2021-02-06T05:30:00Z,0.0
2021-02-06T06:00:00Z,0.0
2021-02-06T06:30:00Z,0.0
2021-02-06T07:00:00Z,0.0128
2021-02-06T07:30:00Z,0.0
2021-02-06T08:00:00Z,0.0
2021-02-06T08:30:00Z,0.0
2021-02-06T09:00:00Z,0.0
2021-02-06T09:30:00Z,0.0
2021-02-06T10:00:00Z,0.0
2021-02-06T10:30:00Z,0.0128
2021-02-06T11:00:00Z,0.0
2021-02-06T11:30:00Z,0.0
2021-02-06T12:00:00Z,0.0
2021-02-06T12:30:00Z,0.0
2021-02-06T13:00:00Z,0.0128
2021-02-06T13:30:00Z,0.0
2021-02-06T14:00:00Z,0.0128
2021-02-06T14:30:00Z,0.0
2021-02-06T15:00:00Z,0.013000000000000001
2021-02-06T15:30:00Z,0.0
2021-02-06T16:00:00Z,0.0
2021-02-06T16:30:00Z,0.013000000000000001
2021-02-06T17:00:00Z,0.0
2021-02-06T17:30:00Z,0.0
2021-02-06T18:00:00Z,0.0
2021-02-06T18:30:00Z,0.0258
2021-02-06T19:00:00Z,0.0128
2021-02-06T19:30:00Z,0.0516
2021-02-06T20:00:00Z,0.038400000000000004
2021-02-06T20:30:00Z,0.0388
2021-02-06T21:00:00Z,0.0388
2021-02-06T21:30:00Z,0.0258
2021-02-06T22:00:00Z,0.0256
2021-02-06T22:30:00Z,0.013000000000000001
2021-02-06T23:00:00Z,0.0388
2021-02-06T23:30:00Z,0.0256
2021-02-07T00:00:00Z,0.0518
2021-02-07T00:30:00Z,0.0646
2021-02-07T01:00:00Z,0.0516
2021-02-07T01:30:00Z,0.10300000000000001
2021-02-07T02:00:00Z,0.0774
2021-02-07T02:30:00Z,0.0516
2021-02-07T03:00:00Z,0.0388
2021-02-07T03:30:00Z,0.0774
2021-02-07T04:00:00Z,0.0386
2021-02-07T04:30:00Z,0.0388
2021-02-07T05:00:00Z,0.0128
2021-02-07T05:30:00Z,0.0516
2021-02-07T06:00:00Z,0.0516
2021-02-07T06:30:00Z,0.11600000000000002
2021-02-07T07:00:00Z,0.2706
2021-02-07T07:30:00Z,0.2446
2021-02-07T08:00:00Z,0.1674
2021-02-07T08:30:00Z,0.09
2021-02-07T09:00:00Z,0.0386
2021-02-07T09:30:00Z,0.0386
2021-02-07T10:00:00Z,0.013000000000000001
2021-02-07T10:30:00Z,0.0386
2021-02-07T11:00:00Z,0.0
2021-02-07T11:30:00Z,0.013000000000000001
2021-02-07T12:00:00Z,0.0902
2021-02-07T12:30:00Z,0.0386
2021-02-07T13:00:00Z,0.026000000000000002
2021-02-07T13:30:00Z,0.129
2021-02-07T14:00:00Z,0.21880000000000002
2021-02-07T14:30:00Z,0.11579999999999999
2021-02-07T15:00:00Z,0.1546
2021-02-07T15:30:00Z,0.1544
2021-02-07T16:00:00Z,0.0772
2021-02-07T16:30:00Z,0.0644
2021-02-07T17:00:00Z,0.0514
2021-02-07T17:30:00Z,0.0516
2021-02-07T18:00:00Z,0.0646
2021-02-07T18:30:00Z,0.1418
2021-02-07T19:00:00Z,0.15460000000000002
2021-02-07T19:30:00Z,0.27080000000000004
2021-02-07T20:00:00Z,0.2186
2021-02-07T20:30:00Z,0.2964
2021-02-07T21:00:00Z,0.11560000000000001
2021-02-07T21:30:00Z,0.10300000000000001
2021-02-07T22:00:00Z,0.0386
2021-02-07T22:30:00Z,0.0388
2021-02-07T23:00:00Z,0.0514
2021-02-07T23:30:00Z,0.026000000000000002
2021-02-08T00:00:00Z,0.0902
2021-02-08T00:30:00Z,0.013000000000000001
2021-02-08T01:00:00Z,0.0256
2021-02-08T01:30:00Z,0.013000000000000001
2021-02-08T02:00:00Z,0.0386
2021-02-08T02:30:00Z,0.026000000000000002
2021-02-08T03:00:00Z,0.0256
2021-02-08T03:30:00Z,0.25820000000000004
2021-02-08T04:00:00Z,0.10300000000000001
2021-02-08T04:30:00Z,0.0516
2021-02-08T05:00:00Z,0.10300000000000001
2021-02-08T05:30:00Z,0.0644
2021-02-08T06:00:00Z,0.10300000000000001
2021-02-08T06:30:00Z,0.0644
2021-02-08T07:00:00Z,0.0514
2021-02-08T07:30:00Z,0.0774
2021-02-08T08:00:00Z,0.1416
2021-02-08T08:30:00Z,0.25760000000000005
2021-02-08T09:00:00Z,0.33480000000000004
2021-02-08T09:30:00Z,0.26999999999999996
2021-02-08T10:00:00Z,0.1288
2021-02-08T10:30:00Z,0.0772
2021-02-08T11:00:00Z,0.06420000000000001
2021-02-08T11:30:00Z,0.0388
2021-02-08T12:00:00Z,0.10300000000000001
2021-02-08T12:30:00Z,0.1544
2021-02-08T13:00:00Z,0.1028
2021-02-08T13:30:00Z,0.0644
2021-02-08T14:00:00Z,0.1026
2021-02-08T14:30:00Z,0.0644
2021-02-08T15:00:00Z,0.0388
2021-02-08T15:30:00Z,0.0258
2021-02-08T16:00:00Z,0.0256
2021-02-08T16:30:00Z,0.013000000000000001
2021-02-08T17:00:00Z,0.0
2021-02-08T17:30:00Z,0.0514
2021-02-08T18:00:00Z,0.0
2021-02-08T18:30:00Z,0.0
2021-02-08T19:00:00Z,0.013000000000000001
2021-02-08T19:30:00Z,0.0128
2021-02-08T20:00:00Z,0.0256
2021-02-08T20:30:00Z,0.0
2021-02-08T21:00:00Z,0.0
2021-02-08T21:30:00Z,0.0
2021-02-08T22:00:00Z,0.0
2021-02-08T22:30:00Z,0.0
2021-02-08T23:00:00Z,0.0
2021-02-08T23:30:00Z,0.0
2021-02-09T00:00:00Z,0.0
2021-02-09T00:30:00Z,0.0
2021-02-09T01:00:00Z,0.0
2021-02-09T01:30:00Z,0.0
2021-02-09T02:00:00Z,0.0
2021-02-09T02:30:00Z,0.0
2021-02-09T03:00:00Z,0.0
2021-02-09T03:30:00Z,0.0
2021-02-09T04:00:00Z,0.0
2021-02-09T04:30:00Z,0.0
2021-02-09T05:00:00Z,0.0
2021-02-09T05:30:00Z,0.0
2021-02-09T06:00:00Z,0.0
2021-02-09T06:30:00Z,0.0
2021-02-09T07:00:00Z,0.0
2021-02-09T07:30:00Z,0.0
2021-02-09T08:00:00Z,0.0
2021-02-09T08:30:00Z,0.0
2021-02-09T09:00:00Z,0.0
2021-02-09T09:30:00Z,0.0
2021-02-09T10:00:00Z,0.0
2021-02-09T10:30:00Z,0.0
2021-02-09T11:00:00Z,0.0
2021-02-09T11:30:00Z,0.0
2021-02-09T12:00:00Z,0.0
2021-02-09T12:30:00Z,0.0
2021-02-09T13:00:00Z,0.0
2021-02-09T13:30:00Z,0.0
2021-02-09T14:00:00Z,0.0
2021-02-09T14:30:00Z,0.0
2021-02-09T15:00:00Z,0.0
2021-02-09T15:30:00Z,0.0
2021-02-09T16:00:00Z,0.0
2021-02-09T16:30:00Z,0.0
2021-02-09T17:00:00Z,0.0
2021-02-09T17:30:00Z,0.0
2021-02-09T18:00:00Z,0.0
2021-02-09T18:30:00Z,0.0
2021-02-09T19:00:00Z,0.0
2021-02-09T19:30:00Z,0.0
2021-02-09T20:00:00Z,0.0
2021-02-09T20:30:00Z,0.0
2021-02-09T21:00:00Z,0.0
2021-02-09T21:30:00Z,0.0
2021-02-09T22:00:00Z,0.0
2021-02-09T22:30:00Z,0.0
2021-02-09T23:00:00Z,0.0
2021-02-09T23:30:00Z,0.0
2021-02-10T00:00:00Z,0.0
2021-02-10T00:30:00Z,0.0
2021-02-10T01:00:00Z,0.0
2021-02-10T01:30:00Z,0.0
2021-02-10T02:00:00Z,0.0128
2021-02-10T02:30:00Z,0.0
2021-02-10T03:00:00Z,0.0
2021-02-10T03:30:00Z,0.0
2021-02-10T04:00:00Z,0.0
2021-02-10T04:30:00Z,0.0
2021-02-10T05:00:00Z,0.0
2021-02-10T05:30:00Z,0.0
2021-02-10T06:00:00Z,0.0
2021-02-10T06:30:00Z,0.0
2021-02-10T07:00:00Z,0.0
2021-02-10T07:30:00Z,0.0
2021-02-10T08:00:00Z,0.0
2021-02-10T08:30:00Z,0.0
2021-02-10T09:00:00Z,0.0
2021-02-10T09:30:00Z,0.0
2021-02-10T10:00:00Z,0.0
2021-02-10T10:30:00Z,0.0
2021-02-10T11:00:00Z,0.0
2021-02-10T11:30:00Z,0.0
2021-02-10T12:00:00Z,0.0
2021-02-10T12:30:00Z,0.0
2021-02-10T13:00:00Z,0.0
2021-02-10T13:30:00Z,0.0
2021-02-10T14:00:00Z,0.0
2021-02-10T14:30:00Z,0.0
2021-02-10T15:00:00Z,0.0
2021-02-10T15:30:00Z,0.0
2021-02-10T16:00:00Z,0.0
2021-02-10T16:30:00Z,0.0
2021-02-10T17:00:00Z,0.0
2021-02-10T17:30:00Z,0.0
2021-02-10T18:00:00Z,0.0
2021-02-10T18:30:00Z,0.0
2021-02-10T19:00:00Z,0.0
2021-02-10T19:30:00Z,0.0
2021-02-10T20:00:00Z,0.0
2021-02-10T20:30:00Z,0.0
2021-02-10T21:00:00Z,0.0
2021-02-10T21:30:00Z,0.0
2021-02-10T22:00:00Z,0.0
2021-02-10T22:30:00Z,0.0
2021-02-10T23:00:00Z,0.0
2021-02-10T23:30:00Z,0.0
2021-02-11T00:00:00Z,0.0
2021-02-11T00:30:00Z,0.0
2021-02-11T01:00:00Z,0.0
2021-02-11T01:30:00Z,0.0
2021-02-11T02:00:00Z,0.0
2021-02-11T02:30:00Z,0.0
2021-02-11T03:00:00Z,0.0
2021-02-11T03:30:00Z,0.0
2021-02-11T04:00:00Z,0.0
2021-02-11T04:30:00Z,0.0
2021-02-11T05:00:00Z,0.0
2021-02-11T05:30:00Z,0.0
2021-02-11T06:00:00Z,0.0
2021-02-11T06:30:00Z,0.0
2021-02-11T07:00:00Z,0.0
2021-02-11T07:30:00Z,0.0
2021-02-11T08:00:00Z,0.0
2021-02-11T08:30:00Z,0.0
2021-02-11T09:00:00Z,0.0
2021-02-11T09:30:00Z,0.0
2021-02-11T10:00:00Z,0.0
2021-02-11T10:30:00Z,0.0
2021-02-11T11:00:00Z,0.0
2021-02-11T11:30:00Z,0.0
2021-02-11T12:00:00Z,0.0
2021-02-11T12:30:00Z,0.0
2021-02-11T13:00:00Z,0.0
2021-02-11T13:30:00Z,0.0
2021-02-11T14:00:00Z,0.0
2021-02-11T14:30:00Z,0.0
2021-02-11T15:00:00Z,0.0
2021-02-11T15:30:00Z,0.0
2021-02-11T16:00:00Z,0.0
2021-02-11T16:30:00Z,0.0
2021-02-11T17:00:00Z,0.0
2021-02-11T17:30:00Z,0.0
2021-02-11T18:00:00Z,0.0
2021-02-11T18:30:00Z,0.0
2021-02-11T19:00:00Z,0.0
2021-02-11T19:30:00Z,0.013000000000000001
2021-02-11T20:00:00Z,0.0
2021-02-11T20:30:00Z,0.0
2021-02-11T21:00:00Z,0.0
2021-02-11T21:30:00Z,0.0
2021-02-11T22:00:00Z,0.0
2021-02-11T22:30:00Z,0.0
2021-02-11T23:00:00Z,0.0
2021-02-11T23:30:00Z,0.0
2021-02-12T00:00:00Z,0.0
2021-02-12T00:30:00Z,0.0
2021-02-12T01:00:00Z,0.0
2021-02-12T01:30:00Z,0.0
2021-02-12T02:00:00Z,0.0
2021-02-12T02:30:00Z,0.0
2021-02-12T03:00:00Z,0.0
2021-02-12T03:30:00Z,0.0
2021-02-12T04:00:00Z,0.0
2021-02-12T04:30:00Z,0.0
2021-02-12T05:00:00Z,0.0
2021-02-12T05:30:00Z,0.0
2021-02-12T06:00:00Z,0.0
2021-02-12T06:30:00Z,0.0
2021-02-12T07:00:00Z,0.0
2021-02-12T07:30:00Z,0.0
2021-02-12T08:00:00Z,0.0
2021-02-12T08:30:00Z,0.0
2021-02-12T09:00:00Z,0.0
2021-02-12T09:30:00Z,0.0
2021-02-12T10:00:00Z,0.0
2021-02-12T10:30:00Z,0.0
2021-02-12T11:00:00Z,0.0
2021-02-12T11:30:00Z,0.0
2021-02-12T12:00:00Z,0.0
2021-02-12T12:30:00Z,0.0
2021-02-12T13:00:00Z,0.0
2021-02-12T13:30:00Z,0.0
2021-02-12T14:00:00Z,0.0
2021-02-12T14:30:00Z,0.0
2021-02-12T15:00:00Z,0.0
2021-02-12T15:30:00Z,0.0
2021-02-12T16:00:00Z,0.0
2021-02-12T16:30:00Z,0.0
2021-02-12T17:00:00Z,0.0
2021-02-12T17:30:00Z,0.0
2021-02-12T18:00:00Z,0.0
2021-02-12T18:30:00Z,0.0
2021-02-12T19:00:00Z,0.0
2021-02-12T19:30:00Z,0.0
2021-02-12T20:00:00Z,0.0
2021-02-12T20:30:00Z,0.0
2021-02-12T21:00:00Z,0.0
2021-02-12T21:30:00Z,0.0
2021-02-12T22:00:00Z,0.0
2021-02-12T22:30:00Z,0.0
2021-02-12T23:00:00Z,0.0
2021-02-12T23:30:00Z,0.0
2021-02-13T00:00:00Z,0.0
2021-02-13T00:30:00Z,0.0
2021-02-13T01:00:00Z,0.0
2021-02-13T01:30:00Z,0.0
2021-02-13T02:00:00Z,0.0
2021-02-13T02:30:00Z,0.0
2021-02-13T03:00:00Z,0.0
2021-02-13T03:30:00Z,0.0
2021-02-13T04:00:00Z,0.0
2021-02-13T04:30:00Z,0.0
2021-02-13T05:00:00Z,0.0
2021-02-13T05:30:00Z,0.0
2021-02-13T06:00:00Z,0.0
2021-02-13T06:30:00Z,0.0
2021-02-13T07:00:00Z,0.0
2021-02-13T07:30:00Z,0.0
2021-02-13T08:00:00Z,0.0
2021-02-13T08:30:00Z,0.0
2021-02-13T09:00:00Z,0.0
2021-02-13T09:30:00Z,0.0
2021-02-13T10:00:00Z,0.0
2021-02-13T10:30:00Z,0.0
2021-02-13T11:00:00Z,0.0
2021-02-13T11:30:00Z,0.0
2021-02-13T12:00:00Z,0.0
2021-02-13T12:30:00Z,0.0
2021-02-13T13:00:00Z,0.0
2021-02-13T13:30:00Z,0.0
2021-02-13T14:00:00Z,0.0
2021-02-13T14:30:00Z,0.0
2021-02-13T15:00:00Z,0.0
2021-02-13T15:30:00Z,0.0
2021-02-13T16:00:00Z,0.0
2021-02-13T16:30:00Z,0.0
2021-02-13T17:00:00Z,0.0
2021-02-13T17:30:00Z,0.0
2021-02-13T18:00:00Z,0.0
2021-02-13T18:30:00Z,0.0
2021-02-13T19:00:00Z,0.0
2021-02-13T19:30:00Z,0.0
2021-02-13T20:00:00Z,0.0
2021-02-13T20:30:00Z,0.0
2021-02-13T21:00:00Z,0.0
2021-02-13T21:30:00Z,0.0
2021-02-13T22:00:00Z,0.0
2021-02-13T22:30:00Z,0.0
2021-02-13T23:00:00Z,0.0
2021-02-13T23:30:00Z,0.0
2021-02-14T00:00:00Z,0.0
2021-02-14T00:30:00Z,0.0
2021-02-14T01:00:00Z,0.0
2021-02-14T01:30:00Z,0.0
2021-02-14T02:00:00Z,0.0
2021-02-14T02:30:00Z,0.0
2021-02-14T03:00:00Z,0.0
2021-02-14T03:30:00Z,0.0
2021-02-14T04:00:00Z,0.0
2021-02-14T04:30:00Z,0.0
2021-02-14T05:00:00Z,0.0
2021-02-14T05:30:00Z,0.0
2021-02-14T06:00:00Z,0.0
2021-02-14T06:30:00Z,0.0
2021-02-14T07:00:00Z,0.0
2021-02-14T07:30:00Z,0.0
2021-02-14T08:00:00Z,0.0
2021-02-14T08:30:00Z,0.0
2021-02-14T09:00:00Z,0.0
2021-02-14T09:30:00Z,0.0
2021-02-14T10:00:00Z,0.0
2021-02-14T10:30:00Z,0.0
2021-02-14T11:00:00Z,0.0
2021-02-14T11:30:00Z,0.0
2021-02-14T12:00:00Z,0.0
2021-02-14T12:30:00Z,0.0
2021-02-14T13:00:00Z,0.0
2021-02-14T13:30:00Z,0.0
2021-02-14T14:00:00Z,0.0
2021-02-14T14:30:00Z,0.0
2021-02-14T15:00:00Z,0.0
2021-02-14T15:30:00Z,0.0
2021-02-14T16:00:00Z,0.0
2021-02-14T16:30:00Z,0.0
2021-02-14T17:00:00Z,0.0
2021-02-14T17:30:00Z,0.0
2021-02-14T18:00:00Z,0.0
2021-02-14T18:30:00Z,0.0
2021-02-14T19:00:00Z,0.0
2021-02-14T19:30:00Z,0.0
2021-02-14T20:00:00Z,0.0
2021-02-14T20:30:00Z,0.0
2021-02-14T21:00:00Z,0.0
2021-02-14T21:30:00Z,0.0
2021-02-14T22:00:00Z,0.0
2021-02-14T22:30:00Z,0.0
2021-02-14T23:00:00Z,0.0
2021-02-14T23:30:00Z,0.0
2021-02-15T00:00:00Z,0.0
2021-02-15T00:30:00Z,0.0
2021-02-15T01:00:00Z,0.0
2021-02-15T01:30:00Z,0.0
2021-02-15T02:00:00Z,0.0
2021-02-15T02:30:00Z,0.0
2021-02-15T03:00:00Z,0.0
2021-02-15T03:30:00Z,0.0
2021-02-15T04:00:00Z,0.0
2021-02-15T04:30:00Z,0.0
2021-02-15T05:00:00Z,0.0
2021-02-15T05:30:00Z,0.0
2021-02-15T06:00:00Z,0.0
2021-02-15T06:30:00Z,0.0
2021-02-15T07:00:00Z,0.0
2021-02-15T07:30:00Z,0.0
2021-02-15T08:00:00Z,0.0
2021-02-15T08:30:00Z,0.0
2021-02-15T09:00:00Z,0.0
2021-02-15T09:30:00Z,0.0
2021-02-15T10:00:00Z,0.0
2021-02-15T10:30:00Z,0.0
2021-02-15T11:00:00Z,0.0
2021-02-15T11:30:00Z,0.0
2021-02-15T12:00:00Z,0.0
2021-02-15T12:30:00Z,0.0
2021-02-15T13:00:00Z,0.0
2021-02-15T13:30:00Z,0.0
2021-02-15T14:00:00Z,0.0
2021-02-15T14:30:00Z,0.0
2021-02-15T15:00:00Z,0.0
2021-02-15T15:30:00Z,0.0
2021-02-15T16:00:00Z,0.0
2021-02-15T16:30:00Z,0.0
2021-02-15T17:00:00Z,0.0
2021-02-15T17:30:00Z,0.0
2021-02-15T18:00:00Z,0.0
2021-02-15T18:30:00Z,0.0
2021-02-15T19:00:00Z,0.0
2021-02-15T19:30:00Z,0.0
2021-02-15T20:00:00Z,0.0
2021-02-15T20:30:00Z,0.0
2021-02-15T21:00:00Z,0.0
2021-02-15T21:30:00Z,0.0
2021-02-15T22:00:00Z,0.064
2021-02-15T22:30:00Z,0.07680000000000001
2021-02-15T23:00:00Z,0.0
2021-02-15T23:30:00Z,0.0
2021-02-16T00:00:00Z,0.0
2021-02-16T00:30:00Z,0.0
2021-02-16T01:00:00Z,0.0
2021-02-16T01:30:00Z,0.0
2021-02-16T02:00:00Z,0.0
2021-02-16T02:30:00Z,0.0
2021-02-16T03:00:00Z,0.0
2021-02-16T03:30:00Z,0.0
2021-02-16T04:00:00Z,0.0
2021-02-16T04:30:00Z,0.0
2021-02-16T05:00:00Z,0.0
2021-02-16T05:30:00Z,0.0
2021-02-16T06:00:00Z,0.33199999999999996
2021-02-16T06:30:00Z,0.5618000000000001
2021-02-16T07:00:00Z,0.7028000000000001
2021-02-16T07:30:00Z,0.7534000000000001
2021-02-16T08:00:00Z,0.6894
2021-02-16T08:30:00Z,0.8168000000000001
2021-02-16T09:00:00Z,0.7657999999999999
2021-02-16T09:30:00Z,0.6382
2021-02-16T10:00:00Z,0.6128
2021-02-16T10:30:00Z,0.575
2021-02-16T11:00:00Z,0.44720000000000004
2021-02-16T11:30:00Z,0.42219999999999996
2021-02-16T12:00:00Z,0.3452
2021-02-16T12:30:00Z,0.34559999999999996
2021-02-16T13:00:00Z,0.34559999999999996
2021-02-16T13:30:00Z,0.4102
2021-02-16T14:00:00Z,0.4098
2021-02-16T14:30:00Z,0.3074
2021-02-16T15:00:00Z,0.2558
2021-02-16T15:30:00Z,0.24380000000000002
2021-02-16T16:00:00Z,0.2566
2021-02-16T16:30:00Z,0.3844
2021-02-16T17:00:00Z,0.4098
2021-02-16T17:30:00Z,0.4226
2021-02-16T18:00:00Z,0.4484
2021-02-16T18:30:00Z,0.4236
2021-02-16T19:00:00Z,0.41059999999999997
2021-02-16T19:30:00Z,0.4746
2021-02-16T20:00:00Z,0.5008
2021-02-16T20:30:00Z,0.4878
2021-02-16T21:00:00Z,0.35960000000000003
2021-02-16T21:30:00Z,0.3844
2021-02-16T22:00:00Z,0.3462
2021-02-16T22:30:00Z,0.3076
2021-02-16T23:00:00Z,0.2822
2021-02-16T23:30:00Z,0.2564
2021-02-17T00:00:00Z,0.1794
2021-02-17T00:30:00Z,0.154
2021-02-17T01:00:00Z,0.1022
2021-02-17T01:30:00Z,0.0896
2021-02-17T02:00:00Z,0.3738
2021-02-17T02:30:00Z,0.45020000000000004
2021-02-17T03:00:00Z,0.3216
2021-02-17T03:30:00Z,0.43740000000000007
2021-02-17T04:00:00Z,0.10200000000000001
2021-02-17T04:30:00Z,0.14020000000000002
2021-02-17T05:00:00Z,0.1658
2021-02-17T05:30:00Z,0.1658
2021-02-17T06:00:00Z,0.08940000000000001
2021-02-17T06:30:00Z,0.0892
2021-02-17T07:00:00Z,0.0764
2021-02-17T07:30:00Z,0.0638
2021-02-17T08:00:00Z,0.0764
2021-02-17T08:30:00Z,0.0638
2021-02-17T09:00:00Z,0.0382
2021-02-17T09:30:00Z,0.051000000000000004
2021-02-17T10:00:00Z,0.0382
2021-02-17T10:30:00Z,0.051000000000000004
2021-02-17T11:00:00Z,0.0256
2021-02-17T11:30:00Z,0.0382
2021-02-17T12:00:00Z,0.0254
2021-02-17T12:30:00Z,0.038400000000000004
2021-02-17T13:00:00Z,0.0128
2021-02-17T13:30:00Z,0.0
2021-02-17T14:00:00Z,0.0128
2021-02-17T14:30:00Z,0.038400000000000004
2021-02-17T15:00:00Z,0.0
2021-02-17T15:30:00Z,0.0
2021-02-17T16:00:00Z,0.0128
2021-02-17T16:30:00Z,0.0
2021-02-17T17:00:00Z,0.0254
2021-02-17T17:30:00Z,0.0256
2021-02-17T18:00:00Z,0.0254
2021-02-17T18:30:00Z,0.0638
2021-02-17T19:00:00Z,0.051000000000000004
2021-02-17T19:30:00Z,0.08940000000000001
2021-02-17T20:00:00Z,0.2044
2021-02-17T20:30:00Z,0.1658
2021-02-17T21:00:00Z,0.10200000000000001
2021-02-17T21:30:00Z,0.10200000000000001
2021-02-17T22:00:00Z,0.11480000000000001
2021-02-17T22:30:00Z,0.051000000000000004
2021-02-17T23:00:00Z,0.08940000000000001
2021-02-17T23:30:00Z,0.0764
2021-02-18T00:00:00Z,0.051000000000000004
2021-02-18T00:30:00Z,0.038400000000000004
2021-02-18T01:00:00Z,0.038400000000000004
2021-02-18T01:30:00Z,0.0256
2021-02-18T02:00:00Z,0.0128
2021-02-18T02:30:00Z,0.0
2021-02-18T03:00:00Z,0.0128
2021-02-18T03:30:00Z,0.0
2021-02-18T04:00:00Z,0.0128
2021-02-18T04:30:00Z,0.0
2021-02-18T05:00:00Z,0.0128
2021-02-18T05:30:00Z,0.0
2021-02-18T06:00:00Z,0.013000000000000001
2021-02-18T06:30:00Z,0.0
2021-02-18T07:00:00Z,0.0
2021-02-18T07:30:00Z,0.0
2021-02-18T08:00:00Z,0.0
2021-02-18T08:30:00Z,0.0
2021-02-18T09:00:00Z,0.0
2021-02-18T09:30:00Z,0.0
2021-02-18T10:00:00Z,0.0
2021-02-18T10:30:00Z,0.0
2021-02-18T11:00:00Z,0.0
2021-02-18T11:30:00Z,0.0
2021-02-18T12:00:00Z,0.0
2021-02-18T12:30:00Z,0.0
2021-02-18T13:00:00Z,0.0
2021-02-18T13:30:00Z,0.0
2021-02-18T14:00:00Z,0.0
2021-02-18T14:30:00Z,0.0
2021-02-18T15:00:00Z,0.0
2021-02-18T15:30:00Z,0.0
2021-02-18T16:00:00Z,0.0
2021-02-18T16:30:00Z,0.0
2021-02-18T17:00:00Z,0.0
2021-02-18T17:30:00Z,0.0
2021-02-18T18:00:00Z,0.0
2021-02-18T18:30:00Z,0.0
2021-02-18T19:00:00Z,0.0
2021-02-18T19:30:00Z,0.0
2021-02-18T20:00:00Z,0.0
2021-02-18T20:30:00Z,0.0254
2021-02-18T21:00:00Z,0.0
2021-02-18T21:30:00Z,0.0
2021-02-18T22:00:00Z,0.0
2021-02-18T22:30:00Z,0.0
2021-02-18T23:00:00Z,0.0
2021-02-18T23:30:00Z,0.0
2021-02-19T00:00:00Z,0.0
2021-02-19T00:30:00Z,0.0
2021-02-19T01:00:00Z,0.0
2021-02-19T01:30:00Z,0.0254
2021-02-19T02:00:00Z,0.0
2021-02-19T02:30:00Z,0.0
2021-02-19T03:00:00Z,0.0
2021-02-19T03:30:00Z,0.0
2021-02-19T04:00:00Z,0.0
2021-02-19T04:30:00Z,0.0
2021-02-19T05:00:00Z,0.0
2021-02-19T05:30:00Z,0.0
2021-02-19T06:00:00Z,0.0
2021-02-19T06:30:00Z,0.0
2021-02-19T07:00:00Z,0.0
2021-02-19T07:30:00Z,0.0
2021-02-19T08:00:00Z,0.0
2021-02-19T08:30:00Z,0.0
2021-02-19T09:00:00Z,0.0
2021-02-19T09:30:00Z,0.013000000000000001
2021-02-19T10:00:00Z,0.0258
2021-02-19T10:30:00Z,0.0776
2021-02-19T11:00:00Z,0.142
2021-02-19T11:30:00Z,0.0902
2021-02-19T12:00:00Z,0.0644
2021-02-19T12:30:00Z,0.0774
2021-02-19T13:00:00Z,0.0258
2021-02-19T13:30:00Z,0.0514
2021-02-19T14:00:00Z,0.0514
2021-02-19T14:30:00Z,0.013000000000000001
2021-02-19T15:00:00Z,0.013000000000000001
2021-02-19T15:30:00Z,0.0386
2021-02-19T16:00:00Z,0.013000000000000001
2021-02-19T16:30:00Z,0.0514
2021-02-19T17:00:00Z,0.06420000000000001
2021-02-19T17:30:00Z,0.1026
2021-02-19T18:00:00Z,0.3336
2021-02-19T18:30:00Z,0.41
2021-02-19T19:00:00Z,0.4354
2021-02-19T19:30:00Z,0.5122
2021-02-19T20:00:00Z,0.48760000000000003
2021-02-19T20:30:00Z,0.35940000000000005
2021-02-19T21:00:00Z,0.33399999999999996
2021-02-19T21:30:00Z,0.26980000000000004
2021-02-19T22:00:00Z,0.244
2021-02-19T22:30:00Z,0.2184
2021-02-19T23:00:00Z,0.20540000000000003
2021-02-19T23:30:00Z,0.257
2021-02-20T00:00:00Z,0.2444
2021-02-20T00:30:00Z,0.20579999999999998
2021-02-20T01:00:00Z,0.11579999999999999
2021-02-20T01:30:00Z,0.0774
2021-02-20T02:00:00Z,0.0772
2021-02-20T02:30:00Z,0.0898
2021-02-20T03:00:00Z,0.06420000000000001
2021-02-20T03:30:00Z,0.07680000000000001
2021-02-20T04:00:00Z,0.06420000000000001
2021-02-20T04:30:00Z,0.0512
2021-02-20T05:00:00Z,0.06420000000000001
2021-02-20T05:30:00Z,0.0386
2021-02-20T06:00:00Z,0.06420000000000001
2021-02-20T06:30:00Z,0.038400000000000004
2021-02-20T07:00:00Z,0.013000000000000001
2021-02-20T07:30:00Z,0.07680000000000001
2021-02-20T08:00:00Z,0.0258
2021-02-20T08:30:00Z,0.0258
2021-02-20T09:00:00Z,0.0514
2021-02-20T09:30:00Z,0.013000000000000001
2021-02-20T10:00:00Z,0.0128
2021-02-20T10:30:00Z,0.0386
2021-02-20T11:00:00Z,0.0386
2021-02-20T11:30:00Z,0.0
2021-02-20T12:00:00Z,0.0258
2021-02-20T12:30:00Z,0.0
2021-02-20T13:00:00Z,0.0258
2021-02-20T13:30:00Z,0.0
2021-02-20T14:00:00Z,0.0
2021-02-20T14:30:00Z,0.0128
2021-02-20T15:00:00Z,0.0258
2021-02-20T15:30:00Z,0.0
2021-02-20T16:00:00Z,0.0128
2021-02-20T16:30:00Z,0.0258
2021-02-20T17:00:00Z,0.0
2021-02-20T17:30:00Z,0.0128
2021-02-20T18:00:00Z,0.0386
2021-02-20T18:30:00Z,0.0896
2021-02-20T19:00:00Z,0.1028
2021-02-20T19:30:00Z,0.19260000000000002
2021-02-20T20:00:00Z,0.4992000000000001
2021-02-20T20:30:00Z,0.46180000000000004
2021-02-20T21:00:00Z,0.35900000000000004
2021-02-20T21:30:00Z,0.3332
2021-02-20T22:00:00Z,0.28200000000000003
2021-02-20T22:30:00Z,0.3206
2021-02-20T23:00:00Z,0.3976
2021-02-20T23:30:00Z,0.3078
2021-02-21T00:00:00Z,0.2182
2021-02-21T00:30:00Z,0.24400000000000005
2021-02-21T01:00:00Z,0.154
2021-02-21T01:30:00Z,0.11579999999999999
2021-02-21T02:00:00Z,0.1282
2021-02-21T02:30:00Z,0.09
2021-02-21T03:00:00Z,0.064
2021-02-21T03:30:00Z,0.1286
2021-02-21T04:00:00Z,0.1028
2021-02-21T04:30:00Z,0.0386
2021-02-21T05:00:00Z,0.1024
2021-02-21T05:30:00Z,0.0898
2021-02-21T06:00:00Z,0.1032
2021-02-21T06:30:00Z,0.154
2021-02-21T07:00:00Z,0.24359999999999998
2021-02-21T07:30:00Z,0.1926
2021-02-21T08:00:00Z,0.25680000000000003
2021-02-21T08:30:00Z,0.3334
2021-02-21T09:00:00Z,0.3588
2021-02-21T09:30:00Z,0.3842
2021-02-21T10:00:00Z,0.38439999999999996
2021-02-21T10:30:00Z,0.4614
2021-02-21T11:00:00Z,0.3842
2021-02-21T11:30:00Z,0.4742
2021-02-21T12:00:00Z,0.5126000000000001
2021-02-21T12:30:00Z,0.42279999999999995
2021-02-21T13:00:00Z,0.4614
2021-02-21T13:30:00Z,0.4232
2021-02-21T14:00:00Z,0.43600000000000005
2021-02-21T14:30:00Z,0.5898
2021-02-21T15:00:00Z,0.5772
2021-02-21T15:30:00Z,0.44880000000000003
2021-02-21T16:00:00Z,0.5129999999999999
2021-02-21T16:30:00Z,0.48740000000000006
2021-02-21T17:00:00Z,0.526
2021-02-21T17:30:00Z,0.4746
2021-02-21T18:00:00Z,0.5262
2021-02-21T18:30:00Z,0.5516
2021-02-21T19:00:00Z,0.5772
2021-02-21T19:30:00Z,0.5773999999999999
2021-02-21T20:00:00Z,0.5641999999999999
2021-02-21T20:30:00Z,0.37220000000000003
2021-02-21T21:00:00Z,0.3848
2021-02-21T21:30:00Z,0.43600000000000005
2021-02-21T22:00:00Z,0.6028
2021-02-21T22:30:00Z,0.5258
2021-02-21T23:00:00Z,0.4488
2021-02-21T23:30:00Z,0.3848
2021-02-22T00:00:00Z,0.35919999999999996
2021-02-22T00:30:00Z,0.32080000000000003
2021-02-22T01:00:00Z,0.2822
2021-02-22T01:30:00Z,0.3078
2021-02-22T02:00:00Z,0.24380000000000002
2021-02-22T02:30:00Z,0.3848
2021-02-22T03:00:00Z,0.4492
2021-02-22T03:30:00Z,0.32059999999999994
2021-02-22T04:00:00Z,0.2826
2021-02-22T04:30:00Z,0.23080000000000003
2021-02-22T05:00:00Z,0.1922
2021-02-22T05:30:00Z,0.167
2021-02-22T06:00:00Z,0.21800000000000003
2021-02-22T06:30:00Z,0.19260000000000002
2021-02-22T07:00:00Z,0.2182
2021-02-22T07:30:00Z,0.2698
2021-02-22T08:00:00Z,0.4234
2021-02-22T08:30:00Z,0.4364
2021-02-22T09:00:00Z,0.7827999999999999
2021-02-22T09:30:00Z,0.9235999999999999
2021-02-22T10:00:00Z,0.9362
2021-02-22T10:30:00Z,0.667
2021-02-22T11:00:00Z,0.5004000000000001
2021-02-22T11:30:00Z,0.3848
2021-02-22T12:00:00Z,0.5772
2021-02-22T12:30:00Z,0.7698
2021-02-22T13:00:00Z,0.667
2021-02-22T13:30:00Z,0.6798
2021-02-22T14:00:00Z,0.4746
2021-02-22T14:30:00Z,0.4364
2021-02-22T15:00:00Z,0.34619999999999995
2021-02-22T15:30:00Z,0.34619999999999995
2021-02-22T16:00:00Z,0.35900000000000004
2021-02-22T16:30:00Z,0.372
2021-02-22T17:00:00Z,0.8724000000000001
2021-02-22T17:30:00Z,0.7182000000000001
2021-02-22T18:00:00Z,0.8338000000000001
2021-02-22T18:30:00Z,1.0006
2021-02-22T19:00:00Z,0.5006
2021-02-22T19:30:00Z,0.44939999999999997
2021-02-22T20:00:00Z,0.95
2021-02-22T20:30:00Z,0.8219999999999998
2021-02-22T21:00:00Z,1.2326000000000001
2021-02-22T21:30:00Z,1.6174
2021-02-22T22:00:00Z,2.0021999999999998
2021-02-22T22:30:00Z,2.2077999999999998
2021-02-22T23:00:00Z,1.9385999999999999
2021-02-22T23:30:00Z,1.3998000000000002
2021-02-23T00:00:00Z,0.6300000000000001
2021-02-23T00:30:00Z,0.5648
2021-02-23T01:00:00Z,0.9756
2021-02-23T01:30:00Z,0.43660000000000004
2021-02-23T02:00:00Z,0.3468
2021-02-23T02:30:00Z,0.1928
2021-02-23T03:00:00Z,0.14179999999999998
2021-02-23T03:30:00Z,0.0902
2021-02-23T04:00:00Z,0.11579999999999999
2021-02-23T04:30:00Z,0.0644
2021-02-23T05:00:00Z,0.0518
2021-02-23T05:30:00Z,0.0388
2021-02-23T06:00:00Z,0.0898
2021-02-23T06:30:00Z,0.11579999999999999
2021-02-23T07:00:00Z,0.10300000000000001
2021-02-23T07:30:00Z,0.0772
2021-02-23T08:00:00Z,0.10300000000000001
2021-02-23T08:30:00Z,0.1928
2021-02-23T09:00:00Z,0.11600000000000002
2021-02-23T09:30:00Z,0.0902
2021-02-23T10:00:00Z,0.09
2021-02-23T10:30:00Z,0.0646
2021-02-23T11:00:00Z,0.013000000000000001
2021-02-23T11:30:00Z,0.0644
2021-02-23T12:00:00Z,0.0516
2021-02-23T12:30:00Z,0.013000000000000001
2021-02-23T13:00:00Z,0.0258
2021-02-23T13:30:00Z,0.0258
2021-02-23T14:00:00Z,0.09
2021-02-23T14:30:00Z,0.06420000000000001
2021-02-23T15:00:00Z,0.0386
2021-02-23T15:30:00Z,0.0516
2021-02-23T16:00:00Z,0.0258
2021-02-23T16:30:00Z,0.0644
2021-02-23T17:00:00Z,0.1286
2021-02-23T17:30:00Z,0.1928
2021-02-23T18:00:00Z,0.0898
2021-02-23T18:30:00Z,0.0774
2021-02-23T19:00:00Z,0.0772
2021-02-23T19:30:00Z,0.09
2021-02-23T20:00:00Z,0.3854
2021-02-23T20:30:00Z,0.19260000000000002
2021-02-23T21:00:00Z,0.3212
2021-02-23T21:30:00Z,1.3092000000000001
2021-02-23T22:00:00Z,0.4624
2021-02-23T22:30:00Z,0.7962
2021-02-23T23:00:00Z,0.9238
2021-02-23T23:30:00Z,0.8346
2021-02-24T00:00:00Z,0.41079999999999994
2021-02-24T00:30:00Z,0.449
2021-02-24T01:00:00Z,0.24379999999999996
2021-02-24T01:30:00Z,0.11539999999999999
2021-02-24T02:00:00Z,0.3206
2021-02-24T02:30:00Z,0.7948
2021-02-24T03:00:00Z,0.29460000000000003
2021-02-24T03:30:00Z,0.15360000000000001
2021-02-24T04:00:00Z,0.0898
2021-02-24T04:30:00Z,0.1282
2021-02-24T05:00:00Z,0.11539999999999999
2021-02-24T05:30:00Z,0.064
2021-02-24T06:00:00Z,0.0772
2021-02-24T06:30:00Z,0.0514
2021-02-24T07:00:00Z,0.0386
2021-02-24T07:30:00Z,0.0258
2021-02-24T08:00:00Z,0.0128
2021-02-24T08:30:00Z,0.0256
2021-02-24T09:00:00Z,0.013000000000000001
2021-02-24T09:30:00Z,0.0
2021-02-24T10:00:00Z,0.0
2021-02-24T10:30:00Z,0.0128
2021-02-24T11:00:00Z,0.0
2021-02-24T11:30:00Z,0.0
2021-02-24T12:00:00Z,0.013000000000000001
2021-02-24T12:30:00Z,0.0
2021-02-24T13:00:00Z,0.0
2021-02-24T13:30:00Z,0.0
2021-02-24T14:00:00Z,0.0
2021-02-24T14:30:00Z,0.0
2021-02-24T15:00:00Z,0.0
2021-02-24T15:30:00Z,0.0
2021-02-24T16:00:00Z,0.0
2021-02-24T16:30:00Z,0.0
2021-02-24T17:00:00Z,0.0
2021-02-24T17:30:00Z,0.0
2021-02-24T18:00:00Z,0.0
2021-02-24T18:30:00Z,0.013000000000000001
2021-02-24T19:00:00Z,0.0512
2021-02-24T19:30:00Z,0.0514
2021-02-24T20:00:00Z,0.06420000000000001
2021-02-24T20:30:00Z,0.0128
2021-02-24T21:00:00Z,0.0388
2021-02-24T21:30:00Z,0.0128
2021-02-24T22:00:00Z,0.0256
2021-02-24T22:30:00Z,0.0128
2021-02-24T23:00:00Z,0.0258
2021-02-24T23:30:00Z,0.0128
2021-02-25T00:00:00Z,0.0128
2021-02-25T00:30:00Z,0.013000000000000001
2021-02-25T01:00:00Z,0.0256
2021-02-25T01:30:00Z,0.0128
2021-02-25T02:00:00Z,0.0
2021-02-25T02:30:00Z,0.013000000000000001
2021-02-25T03:00:00Z,0.0
2021-02-25T03:30:00Z,0.0
2021-02-25T04:00:00Z,0.0
2021-02-25T04:30:00Z,0.0
2021-02-25T05:00:00Z,0.0
2021-02-25T05:30:00Z,0.0
2021-02-25T06:00:00Z,0.0
2021-02-25T06:30:00Z,0.0
2021-02-25T07:00:00Z,0.0
2021-02-25T07:30:00Z,0.0
2021-02-25T08:00:00Z,0.0
2021-02-25T08:30:00Z,0.0
2021-02-25T09:00:00Z,0.0
2021-02-25T09:30:00Z,0.0
2021-02-25T10:00:00Z,0.0
2021-02-25T10:30:00Z,0.013000000000000001
2021-02-25T11:00:00Z,0.0
2021-02-25T11:30:00Z,0.0
2021-02-25T12:00:00Z,0.0
2021-02-25T12:30:00Z,0.0
2021-02-25T13:00:00Z,0.0
2021-02-25T13:30:00Z,0.0
2021-02-25T14:00:00Z,0.0128
2021-02-25T14:30:00Z,0.0644
2021-02-25T15:00:00Z,0.26880000000000004
2021-02-25T15:30:00Z,0.5896
2021-02-25T16:00:00Z,0.513
2021-02-25T16:30:00Z,0.48719999999999997
2021-02-25T17:00:00Z,0.5642
2021-02-25T17:30:00Z,0.48719999999999997
2021-02-25T18:00:00Z,0.4742
2021-02-25T18:30:00Z,0.3718
2021-02-25T19:00:00Z,0.42279999999999995
2021-02-25T19:30:00Z,0.2816
2021-02-25T20:00:00Z,0.6539999999999999
2021-02-25T20:30:00Z,0.3076
2021-02-25T21:00:00Z,0.282
2021-02-25T21:30:00Z,0.1026
2021-02-25T22:00:00Z,0.15419999999999998
2021-02-25T22:30:00Z,0.9504000000000001
2021-02-25T23:00:00Z,0.346
2021-02-25T23:30:00Z,0.167
2021-02-26T00:00:00Z,0.2184
2021-02-26T00:30:00Z,0.1928
2021-02-26T01:00:00Z,0.1286
2021-02-26T01:30:00Z,0.1412
2021-02-26T02:00:00Z,0.257
2021-02-26T02:30:00Z,0.2954
2021-02-26T03:00:00Z,0.35960000000000003
2021-02-26T03:30:00Z,0.257
2021-02-26T04:00:00Z,0.4622
2021-02-26T04:30:00Z,0.4622
2021-02-26T05:00:00Z,0.6288
2021-02-26T05:30:00Z,0.6412000000000001
2021-02-26T06:00:00Z,0.6923999999999999
2021-02-26T06:30:00Z,0.7564
2021-02-26T07:00:00Z,0.6024
2021-02-26T07:30:00Z,0.4356
2021-02-26T08:00:00Z,0.7819999999999999
2021-02-26T08:30:00Z,0.7302
2021-02-26T09:00:00Z,0.5384
2021-02-26T09:30:00Z,0.8336
2021-02-26T10:00:00Z,0.9624
2021-02-26T10:30:00Z,1.116
2021-02-26T11:00:00Z,1.6802
2021-02-26T11:30:00Z,2.3457999999999997
2021-02-26T12:00:00Z,1.9857999999999998
2021-02-26T12:30:00Z,1.1538
2021-02-26T13:00:00Z,0.4614
2021-02-26T13:30:00Z,0.154
2021-02-26T14:00:00Z,0.09
2021-02-26T14:30:00Z,0.06420000000000001
2021-02-26T15:00:00Z,0.10300000000000001
2021-02-26T15:30:00Z,0.1928
2021-02-26T16:00:00Z,0.1288
2021-02-26T16:30:00Z,0.0898
2021-02-26T17:00:00Z,0.154
2021-02-26T17:30:00Z,0.10300000000000001
2021-02-26T18:00:00Z,0.10300000000000001
2021-02-26T18:30:00Z,0.0774
2021-02-26T19:00:00Z,0.3216
2021-02-26T19:30:00Z,0.2186
2021-02-26T20:00:00Z,0.11579999999999999
2021-02-26T20:30:00Z,0.10300000000000001
2021-02-26T21:00:00Z,0.0774
2021-02-26T21:30:00Z,0.0774
2021-02-26T22:00:00Z,0.1286
2021-02-26T22:30:00Z,0.0644
2021-02-26T23:00:00Z,0.0774
2021-02-26T23:30:00Z,1.1826
2021-02-27T00:00:00Z,0.5402
2021-02-27T00:30:00Z,0.5904
2021-02-27T01:00:00Z,0.5519999999999999
2021-02-27T01:30:00Z,0.641
2021-02-27T02:00:00Z,0.43600000000000005
2021-02-27T02:30:00Z,0.2952
2021-02-27T03:00:00Z,0.5134000000000001
2021-02-27T03:30:00Z,0.35960000000000003
2021-02-27T04:00:00Z,0.5004000000000001
2021-02-27T04:30:00Z,0.29500000000000004
2021-02-27T05:00:00Z,0.32080000000000003
2021-02-27T05:30:00Z,0.8342
2021-02-27T06:00:00Z,0.6022000000000001
2021-02-27T06:30:00Z,0.33340000000000003
2021-02-27T07:00:00Z,0.295
2021-02-27T07:30:00Z,0.16640000000000002
2021-02-27T08:00:00Z,0.11539999999999999
2021-02-27T08:30:00Z,0.1026
2021-02-27T09:00:00Z,0.064
2021-02-27T09:30:00Z,0.0516
2021-02-27T10:00:00Z,0.0386
2021-02-27T10:30:00Z,0.0386
2021-02-27T11:00:00Z,0.0258
2021-02-27T11:30:00Z,0.0514
2021-02-27T12:00:00Z,0.0258
2021-02-27T12:30:00Z,0.0258
2021-02-27T13:00:00Z,0.0258
2021-02-27T13:30:00Z,0.0258
2021-02-27T14:00:00Z,0.0128
2021-02-27T14:30:00Z,0.0386
2021-02-27T15:00:00Z,0.0
2021-02-27T15:30:00Z,0.013000000000000001
2021-02-27T16:00:00Z,0.0
2021-02-27T16:30:00Z,0.0514
2021-02-27T17:00:00Z,0.0
2021-02-27T17:30:00Z,0.0
2021-02-27T18:00:00Z,0.0258
2021-02-27T18:30:00Z,0.0
2021-02-27T19:00:00Z,0.013000000000000001
2021-02-27T19:30:00Z,0.0258
2021-02-27T20:00:00Z,0.013000000000000001
2021-02-27T20:30:00Z,0.026000000000000002
2021-02-27T21:00:00Z,0.013000000000000001
2021-02-27T21:30:00Z,0.0388
2021-02-27T22:00:00Z,0.026000000000000002
2021-02-27T22:30:00Z,0.013000000000000001
2021-02-27T23:00:00Z,0.026000000000000002
2021-02-27T23:30:00Z,0.026000000000000002
2021-02-28T00:00:00Z,0.013000000000000001
2021-02-28T00:30:00Z,0.026000000000000002
2021-02-28T01:00:00Z,0.013000000000000001
2021-02-28T01:30:00Z,0.013000000000000001
2021-02-28T02:00:00Z,0.013000000000000001
2021-02-28T02:30:00Z,0.0
2021-02-28T03:00:00Z,0.013000000000000001
2021-02-28T03:30:00Z,0.0
2021-02-28T04:00:00Z,0.013000000000000001
2021-02-28T04:30:00Z,0.0
2021-02-28T05:00:00Z,0.013000000000000001
2021-02-28T05:30:00Z,0.0
2021-02-28T06:00:00Z,0.0128
2021-02-28T06:30:00Z,0.013000000000000001
2021-02-28T07:00:00Z,0.0
2021-02-28T07:30:00Z,0.0
2021-02-28T08:00:00Z,0.013000000000000001
2021-02-28T08:30:00Z,0.0
2021-02-28T09:00:00Z,0.013000000000000001
2021-02-28T09:30:00Z,0.0
2021-02-28T10:00:00Z,0.0
2021-02-28T10:30:00Z,0.0258
2021-02-28T11:00:00Z,0.0128
2021-02-28T11:30:00Z,0.013000000000000001
2021-02-28T12:00:00Z,0.0
2021-02-28T12:30:00Z,0.0
2021-02-28T13:00:00Z,0.013000000000000001
2021-02-28T13:30:00Z,0.0
2021-02-28T14:00:00Z,0.026000000000000002
2021-02-28T14:30:00Z,0.0
2021-02-28T15:00:00Z,0.0258
2021-02-28T15:30:00Z,0.013000000000000001
2021-02-28T16:00:00Z,0.0258
2021-02-28T16:30:00Z,0.0
2021-02-28T17:00:00Z,0.013000000000000001
2021-02-28T17:30:00Z,0.013000000000000001
2021-02-28T18:00:00Z,0.013000000000000001
2021-02-28T18:30:00Z,0.013000000000000001
2021-02-28T19:00:00Z,0.0388
2021-02-28T19:30:00Z,0.0388
2021-02-28T20:00:00Z,0.0518
2021-02-28T20:30:00Z,0.0648
2021-02-28T21:00:00Z,0.0518
2021-02-28T21:30:00Z,0.0518
2021-02-28T22:00:00Z,0.0518
2021-02-28T22:30:00Z,0.0388
2021-02-28T23:00:00Z,0.0388
2021-02-28T23:30:00Z,0.0388
