2020-01-12 09:30:00+00:00,0.5,23.0,152.43576,300.0,22.527,62
2020-03-13 13:30:00+00:00,0.5,23.0,152.43576,600.0,36.324,14
2020-03-24 13:30:00+00:00,0.6,23.0,152.43576,240.0,14.725999999999999,41
2020-03-29 15:00:00+00:00,0.5,23.0,152.43576,330.0,10.31,-9
2020-03-30 12:30:00+00:00,0.5,23.0,152.43576,540.0,9.82,-4
2020-04-02 14:00:00+00:00,0.8,23.0,152.43576,660.0,43.20399999999999,-8
2020-04-09 15:30:00+00:00,0.8,23.0,152.43576,600.0,33.381,72
2020-04-13 10:00:00+00:00,1.0,23.0,152.43576,900.0,62.829,12
2020-04-21 17:00:00+00:00,1.2,23.0,152.43576,330.0,18.652,14
2020-04-26 22:30:00+00:00,1.2,23.0,152.43576,1260.0,26.514000000000003,3
2020-04-30 15:30:00+00:00,1.2,23.0,152.43576,270.0,5.892,38
2020-05-01 02:30:00+00:00,1.2,23.0,152.43576,810.0,41.234,-13
2020-05-09 03:00:00+00:00,1.1,23.0,152.43576,330.0,8.347,68
2020-05-11 19:00:00+00:00,1.1,23.0,152.43576,240.0,11.289,10
2020-05-15 22:30:00+00:00,2.3,23.0,152.43576,390.0,15.217,14
2020-06-28 19:00:00+00:00,5.0,23.0,152.43576,120.0,10.308,33
2020-06-29 07:30:00+00:00,5.0,23.0,152.43576,1200.0,45.163000000000004,8
2020-06-30 08:00:00+00:00,5.0,23.0,152.43576,240.0,20.617,7
2020-07-01 00:00:00+00:00,5.0,23.0,152.43576,690.0,44.667,7
2020-07-11 03:30:00+00:00,5.0999999,23.0,152.43576,720.0,23.074,12
2020-07-11 20:00:00+00:00,5.0999999,23.0,152.43576,270.0,24.053,9
2020-07-14 11:30:00+00:00,5.0999999,23.0,152.43576,90.0,19.144,21
2020-08-04 19:30:00+00:00,4.8000002,23.0,152.43576,240.0,26.506,67
2020-08-29 11:00:00+00:00,6.5999999,23.0,152.43576,390.0,20.616999999999997,14
2020-09-02 14:30:00+00:00,6.0999999,23.0,152.43576,930.0,6.383000000000001,17
2020-09-30 04:00:00+00:00,2.2,23.0,152.43576,540.0,59.884,20
2020-10-02 12:30:00+00:00,2.2,23.0,152.43576,390.0,6.382999999999999,28
2020-10-16 16:30:00+00:00,0.8,23.0,152.43576,1380.0,34.856,4
2020-10-26 10:30:00+00:00,0.7,23.0,152.43576,990.0,8.347,11
2020-11-15 23:30:00+00:00,0.5,23.0,152.43576,330.0,32.397,6
2020-11-23 02:00:00+00:00,0.7,23.0,152.43576,870.0,22.583999999999996,23
2020-11-26 11:00:00+00:00,0.7,23.0,152.43576,600.0,9.817999999999998,6
2020-11-30 17:00:00+00:00,0.6,23.0,152.43576,390.0,45.159000000000006,-10
2020-01-03 00:00:00+00:00,0.4,26.0,134.502136,1140.0,16.965999999999994,77
2020-01-25 22:30:00+00:00,1.4,26.0,134.502136,240.0,15.97,15
2020-03-03 23:00:00+00:00,0.9,26.0,134.502136,360.0,8.14,34
2020-03-13 10:00:00+00:00,1.2,26.0,134.502136,450.0,19.332,36
2020-03-19 12:00:00+00:00,1.3000001,26.0,134.502136,420.0,18.311999999999998,32
2020-03-24 13:00:00+00:00,1.3000001,26.0,134.502136,510.0,19.332,31
2020-03-29 00:30:00+00:00,0.3,26.0,134.502136,450.0,5.087999999999999,20
2020-03-29 12:30:00+00:00,0.3,26.0,134.502136,420.0,6.614000000000001,37
2020-03-29 23:30:00+00:00,0.3,26.0,134.502136,120.0,6.6129999999999995,43
2020-04-02 21:30:00+00:00,1.2,26.0,134.502136,1230.0,22.895000000000003,34
2020-04-09 14:00:00+00:00,1.2,26.0,134.502136,390.0,18.824,22
2020-04-13 09:00:00+00:00,1.3000001,26.0,134.502136,1110.0,64.097,36
2020-04-18 16:30:00+00:00,1.6,26.0,134.502136,450.0,10.174,19
2020-04-21 17:30:00+00:00,1.6,26.0,134.502136,240.0,17.806,33
2020-04-26 20:00:00+00:00,1.3000001,26.0,134.502136,510.0,19.337,34
2020-05-01 05:00:00+00:00,1.3000001,26.0,134.502136,630.0,22.893,21
2020-05-01 22:00:00+00:00,1.3000001,26.0,134.502136,150.0,6.6129999999999995,18
2020-05-08 23:00:00+00:00,1.4,26.0,134.502136,390.0,8.139999999999999,28
2020-05-11 16:30:00+00:00,1.4,26.0,134.502136,90.0,5.087000000000001,46
2020-05-11 22:00:00+00:00,1.4,26.0,134.502136,150.0,5.088000000000001,33
2020-06-11 15:00:00+00:00,6.0,26.0,134.502136,90.0,6.6129999999999995,39
2020-06-30 22:00:00+00:00,5.5999999,26.0,134.502136,90.0,16.279,21
2020-07-10 21:00:00+00:00,2.8,26.0,134.502136,780.0,14.246000000000002,-7
2020-07-22 23:00:00+00:00,3.3,26.0,134.502136,180.0,44.257,18
2020-08-04 19:30:00+00:00,4.5,26.0,134.502136,240.0,8.14,50
2020-08-27 16:30:00+00:00,5.9000001,26.0,134.502136,90.0,12.209000000000001,19
2020-08-29 10:30:00+00:00,5.9000001,26.0,134.502136,300.0,17.803,15
2020-09-10 18:30:00+00:00,4.9000001,26.0,134.502136,240.0,21.875,35
2020-09-29 19:00:00+00:00,5.0999999,26.0,134.502136,990.0,32.558,16
2020-10-02 12:00:00+00:00,5.0999999,26.0,134.502136,330.0,5.596000000000001,45
2020-10-13 06:30:00+00:00,1.4,26.0,134.502136,990.0,44.260000000000005,24
2020-10-16 12:30:00+00:00,1.4,26.0,134.502136,1350.0,80.885,19
2020-10-29 23:00:00+00:00,0.9,26.0,134.502136,480.0,9.666,33
2020-11-01 21:00:00+00:00,0.9,26.0,134.502136,240.0,5.087,-28
2020-11-13 13:00:00+00:00,0.7,26.0,134.502136,480.0,6.1049999999999995,32
2020-11-16 00:00:00+00:00,0.7,26.0,134.502136,420.0,9.155999999999999,-45
2020-11-23 10:30:00+00:00,0.8,26.0,134.502136,360.0,18.823,16
2020-11-26 07:00:00+00:00,0.8,26.0,134.502136,450.0,27.470000000000002,21
2020-11-30 16:00:00+00:00,1.2,26.0,134.502136,420.0,31.028999999999996,52
2020-02-06 01:30:00+00:00,0.5,1.0,0.0,510.0,12.818,27
2020-02-06 16:00:00+00:00,0.5,1.0,0.0,180.0,5.9159999999999995,31
2020-02-07 10:00:00+00:00,0.5,1.0,0.0,210.0,13.31,20
2020-02-11 03:30:00+00:00,0.5,1.0,0.0,780.0,7.3950000000000005,25
2020-03-13 05:00:00+00:00,0.8,1.0,0.0,120.0,6.409,18
2020-03-15 00:00:00+00:00,0.8,1.0,0.0,810.0,6.409000000000001,40
2020-03-19 02:30:00+00:00,0.8,1.0,0.0,360.0,12.324,14
2020-03-28 00:30:00+00:00,1.2,1.0,0.0,660.0,15.281,18
2020-04-01 00:00:00+00:00,1.2,1.0,0.0,450.0,5.423,35
2020-04-07 17:30:00+00:00,1.5,1.0,0.0,150.0,9.365,26
2020-04-08 07:30:00+00:00,1.5,1.0,0.0,120.0,5.422000000000001,33
2020-04-13 00:00:00+00:00,1.2,1.0,0.0,660.0,16.761999999999997,16
2020-04-15 00:00:00+00:00,1.2,1.0,0.0,210.0,7.395,36
2020-04-24 05:30:00+00:00,1.4,1.0,0.0,420.0,6.902000000000001,27
2020-04-26 00:30:00+00:00,1.7,1.0,0.0,540.0,9.366999999999999,76
2020-05-22 05:30:00+00:00,1.9,1.0,0.0,540.0,14.296000000000001,91
2020-10-11 19:00:00+00:00,1.2,1.0,0.0,570.0,46.663,22
2020-11-11 12:30:00+00:00,1.0,1.0,0.0,30.0,36.124,20
2020-01-04 19:00:00+00:00,0.5,35.0,156.919159,150.0,8.602,28
2020-01-12 04:00:00+00:00,0.4,35.0,156.919159,240.0,8.096,68
2020-01-19 01:30:00+00:00,0.5,35.0,156.919159,120.0,5.0600000000000005,97
2020-01-24 23:30:00+00:00,0.5,35.0,156.919159,600.0,56.667,74
2020-02-06 15:00:00+00:00,0.4,35.0,156.919159,450.0,7.59,37
2020-02-07 09:00:00+00:00,0.4,35.0,156.919159,420.0,20.240000000000002,60
2020-03-13 04:30:00+00:00,0.5,35.0,156.919159,180.0,6.072,8
2020-03-15 01:00:00+00:00,0.5,35.0,156.919159,750.0,5.566,7
2020-03-25 04:30:00+00:00,0.9,35.0,156.919159,780.0,10.120000000000001,15
2020-04-01 00:00:00+00:00,0.9,35.0,156.919159,390.0,6.578,8
2020-04-07 18:00:00+00:00,1.2,35.0,156.919159,90.0,5.565,13
2020-04-08 07:30:00+00:00,1.2,35.0,156.919159,150.0,5.566000000000001,31
2020-04-13 00:30:00+00:00,1.5,35.0,156.919159,960.0,31.878,48
2020-04-14 23:30:00+00:00,1.5,35.0,156.919159,420.0,8.096000000000002,8
2020-04-23 19:00:00+00:00,1.5,35.0,156.919159,360.0,6.072000000000001,27
2020-04-24 06:00:00+00:00,1.5,35.0,156.919159,390.0,5.0600000000000005,33
2020-04-26 00:00:00+00:00,3.2,35.0,156.919159,540.0,8.602,28
2020-04-26 20:30:00+00:00,3.2,35.0,156.919159,150.0,7.084,36
2020-04-27 03:30:00+00:00,3.2,35.0,156.919159,300.0,5.0600000000000005,8
2020-05-04 00:30:00+00:00,5.0,35.0,156.919159,240.0,19.227,69
2020-05-08 23:00:00+00:00,5.0,35.0,156.919159,120.0,5.0600000000000005,41
2020-05-22 02:30:00+00:00,6.5999999,35.0,156.919159,720.0,28.841000000000005,53
2020-05-23 01:30:00+00:00,6.5999999,35.0,156.919159,210.0,34.405,97
2020-05-28 07:30:00+00:00,4.4000001,35.0,156.919159,300.0,7.084000000000001,28
2020-06-04 22:30:00+00:00,4.4000001,35.0,156.919159,510.0,36.428,74
2020-06-05 17:30:00+00:00,4.5999999,35.0,156.919159,210.0,30.357,98
2020-06-17 16:30:00+00:00,4.9000001,35.0,156.919159,1260.0,30.359000000000005,67
2020-07-21 23:30:00+00:00,4.5999999,35.0,156.919159,90.0,18.72,25
2020-07-22 18:00:00+00:00,4.5999999,35.0,156.919159,120.0,5.0600000000000005,59
2020-07-24 02:00:00+00:00,2.3,35.0,156.919159,420.0,16.191,48
2020-07-24 17:30:00+00:00,2.3,35.0,156.919159,150.0,29.346000000000004,41
2020-08-04 06:30:00+00:00,4.8000002,35.0,156.919159,390.0,21.252000000000002,44
2020-08-06 04:30:00+00:00,4.8000002,35.0,156.919159,570.0,10.120000000000001,59
2020-08-15 20:00:00+00:00,6.3000002,35.0,156.919159,750.0,24.793,37
2020-10-11 17:30:00+00:00,2.4000001,35.0,156.919159,690.0,61.175000000000004,25
2020-10-29 07:00:00+00:00,0.7,35.0,156.919159,870.0,27.133999999999997,15
2020-11-11 12:00:00+00:00,0.6,35.0,156.919159,90.0,30.094,21
2020-11-30 14:30:00+00:00,0.5,35.0,156.919159,90.0,5.427,37
2020-01-03 07:30:00+00:00,0.6,38.0,147.952347,240.0,5.47,31
2020-01-04 21:30:00+00:00,0.6,38.0,147.952347,180.0,11.441,18
2020-01-07 19:00:00+00:00,0.5,38.0,147.952347,300.0,6.466,10
2020-01-12 06:00:00+00:00,0.5,38.0,147.952347,120.0,9.452,25
2020-01-18 21:00:00+00:00,0.5,38.0,147.952347,390.0,9.450000000000001,33
2020-01-25 06:30:00+00:00,0.5,38.0,147.952347,450.0,49.247,28
2020-02-06 14:30:00+00:00,0.6,38.0,147.952347,90.0,34.315999999999995,28
2020-02-10 12:30:00+00:00,0.6,38.0,147.952347,750.0,12.931000000000001,11
2020-02-11 05:00:00+00:00,0.6,38.0,147.952347,840.0,15.416999999999998,14
2020-02-13 00:00:00+00:00,0.6,38.0,147.952347,1140.0,14.916999999999998,23
2020-02-25 11:00:00+00:00,0.7,38.0,147.952347,270.0,7.9559999999999995,34
2020-03-13 06:30:00+00:00,0.6,38.0,147.952347,150.0,8.456999999999999,28
2020-03-19 03:00:00+00:00,0.7,38.0,147.952347,450.0,21.389,25
2020-03-23 06:00:00+00:00,0.7,38.0,147.952347,810.0,12.929,22
2020-03-25 10:30:00+00:00,0.9,38.0,147.952347,420.0,10.940999999999999,29
2020-04-08 01:30:00+00:00,1.3000001,38.0,147.952347,120.0,7.9590000000000005,40
2020-04-13 03:00:00+00:00,1.5,38.0,147.952347,600.0,50.242999999999995,39
2020-04-15 03:00:00+00:00,1.5,38.0,147.952347,480.0,10.442,25
2020-04-23 20:00:00+00:00,2.7,38.0,147.952347,990.0,48.249,35
2020-04-26 08:00:00+00:00,4.5999999,38.0,147.952347,420.0,8.952,29
2020-04-30 14:30:00+00:00,4.5999999,38.0,147.952347,450.0,37.307,39
2020-05-01 10:00:00+00:00,4.5999999,38.0,147.952347,300.0,6.963,41
2020-05-04 02:00:00+00:00,5.0,38.0,147.952347,240.0,35.32,34
2020-05-06 00:00:00+00:00,5.0,38.0,147.952347,180.0,6.962,51
2020-05-06 16:00:00+00:00,5.0,38.0,147.952347,390.0,5.47,52
2020-05-22 07:30:00+00:00,5.0999999,38.0,147.952347,390.0,13.927,52
2020-05-23 07:00:00+00:00,5.0999999,38.0,147.952347,150.0,14.426,38
2020-06-05 01:00:00+00:00,5.0999999,38.0,147.952347,330.0,15.916000000000002,40
2020-07-06 22:30:00+00:00,6.8000002,38.0,147.952347,360.0,78.103,99
2020-08-13 11:30:00+00:00,5.0,38.0,147.952347,270.0,34.822,38
2020-08-16 03:00:00+00:00,5.5,38.0,147.952347,900.0,27.356,41
2020-08-28 23:00:00+00:00,4.5999999,38.0,147.952347,510.0,23.378,39
2020-08-29 12:30:00+00:00,4.5999999,38.0,147.952347,300.0,16.416,41
2020-08-31 20:00:00+00:00,4.5999999,38.0,147.952347,120.0,5.968,40
2020-09-03 21:30:00+00:00,4.8000002,38.0,147.952347,390.0,97.006,25
2020-09-09 15:30:00+00:00,4.7000003,38.0,147.952347,420.0,5.47,52
2020-09-10 10:00:00+00:00,4.7000003,38.0,147.952347,150.0,7.958,40
2020-09-17 21:00:00+00:00,4.5,38.0,147.952347,450.0,12.93,36
2020-11-23 07:00:00+00:00,0.7,38.0,147.952347,150.0,6.536999999999999,-16
2020-04-05 20:00:00+00:00,1.9,1.5,0.0,180.0,7.5840000000000005,-28
2020-04-16 16:00:00+00:00,1.7,1.5,0.0,240.0,5.561999999999999,-12
2020-04-24 10:30:00+00:00,2.0,1.5,0.0,930.0,35.899,89
2020-04-30 07:30:00+00:00,2.7,1.5,0.0,330.0,20.224,87
2020-05-21 22:30:00+00:00,1.4,1.5,0.0,210.0,21.74,99
2020-05-25 10:00:00+00:00,1.4,1.5,0.0,270.0,22.246000000000002,99
2020-06-04 14:00:00+00:00,1.2,1.5,0.0,450.0,48.029,99
2020-06-07 21:30:00+00:00,2.9000001,1.5,0.0,150.0,10.112,99
2020-06-19 18:30:00+00:00,2.0,1.5,0.0,180.0,22.752000000000002,2
2020-06-22 23:00:00+00:00,2.2,1.5,0.0,180.0,20.728999999999996,2
2020-07-04 18:30:00+00:00,1.7,1.5,0.0,120.0,13.651,19
2020-07-05 18:00:00+00:00,1.7,1.5,0.0,210.0,16.683,6
2020-07-06 18:30:00+00:00,1.7,1.5,0.0,270.0,46.513,4
2020-07-08 16:00:00+00:00,2.2,1.5,0.0,120.0,6.0680000000000005,-2
2020-07-15 20:30:00+00:00,3.2,1.5,0.0,90.0,7.5840000000000005,-20
2020-07-17 21:30:00+00:00,3.2,1.5,0.0,90.0,16.685,12
2020-07-20 17:00:00+00:00,3.2,1.5,0.0,210.0,32.862,10
2020-07-23 16:00:00+00:00,2.5,1.5,0.0,390.0,8.596,-1
2020-07-28 19:30:00+00:00,2.5,1.5,0.0,150.0,27.302,-1
2020-08-05 16:00:00+00:00,2.2,1.5,0.0,120.0,18.707,29
2020-08-11 20:00:00+00:00,1.7,1.5,0.0,120.0,22.749,3
2020-08-20 20:00:00+00:00,1.4,1.5,0.0,150.0,6.066999999999998,-2
2020-08-22 21:00:00+00:00,1.4,1.5,0.0,210.0,47.015,12
2020-08-28 01:00:00+00:00,1.8000001,1.5,0.0,240.0,7.584,-2
2020-08-30 19:30:00+00:00,1.8000001,1.5,0.0,240.0,5.562,2
2020-09-09 19:00:00+00:00,1.7,1.5,0.0,210.0,23.762999999999998,2
2020-09-10 16:30:00+00:00,1.7,1.5,0.0,300.0,27.807000000000002,7
2020-09-12 11:00:00+00:00,1.7,1.5,0.0,180.0,5.561,-7
2020-09-20 13:00:00+00:00,2.5,1.5,0.0,480.0,50.051,20
2020-09-28 18:30:00+00:00,0.9,1.5,0.0,180.0,11.629000000000001,5
2020-11-16 04:00:00+00:00,1.1,1.5,0.0,90.0,13.146,-1
2020-01-03 18:00:00+00:00,0.8,27.0,64.314301,810.0,33.737,-12
2020-01-12 01:00:00+00:00,0.9,27.0,64.314301,270.0,19.845,-4
2020-01-29 20:30:00+00:00,0.9,27.0,64.314301,270.0,7.441000000000001,3
2020-02-05 20:30:00+00:00,0.9,27.0,64.314301,360.0,17.86,-6
2020-02-06 19:30:00+00:00,1.1,27.0,64.314301,270.0,32.249,-5
2020-02-13 16:30:00+00:00,1.1,27.0,64.314301,390.0,17.364999999999995,-2
2020-02-16 13:30:00+00:00,1.2,27.0,64.314301,420.0,19.348000000000003,-3
2020-02-20 16:30:00+00:00,1.2,27.0,64.314301,510.0,16.372,23
2020-02-24 23:30:00+00:00,1.1,27.0,64.314301,510.0,30.76,-14
2020-03-04 14:00:00+00:00,1.2,27.0,64.314301,330.0,18.851999999999997,23
2020-03-05 01:00:00+00:00,1.2,27.0,64.314301,120.0,6.945,22
2020-03-05 10:00:00+00:00,1.2,27.0,64.314301,390.0,26.292999999999992,15
2020-06-09 14:00:00+00:00,4.5,27.0,64.314301,420.0,57.055,27
2020-06-24 19:30:00+00:00,2.6000001,27.0,64.314301,210.0,14.417,-52
2020-07-01 18:30:00+00:00,1.5,27.0,64.314301,150.0,8.452,-16
2020-07-03 21:00:00+00:00,1.5,27.0,64.314301,180.0,46.732,-19
2020-07-05 17:30:00+00:00,1.5,27.0,64.314301,270.0,9.445,-30
2020-07-06 13:30:00+00:00,1.5,27.0,64.314301,180.0,7.952999999999999,-23
2020-07-23 19:00:00+00:00,3.5,27.0,64.314301,180.0,21.874,-29
2020-08-07 00:00:00+00:00,3.4000001,27.0,64.314301,90.0,36.79,-18
2020-08-10 20:30:00+00:00,3.1000001,27.0,64.314301,90.0,30.823,4
2020-08-19 03:30:00+00:00,3.4000001,27.0,64.314301,180.0,43.749,-5
2020-08-20 18:30:00+00:00,3.4000001,27.0,64.314301,180.0,41.263,9
2020-08-24 23:00:00+00:00,2.7,27.0,64.314301,120.0,7.457000000000001,11
2020-09-10 20:30:00+00:00,1.1,27.0,64.314301,300.0,19.885,-4
2020-09-16 13:00:00+00:00,1.1,27.0,64.314301,600.0,129.75699999999998,99
2020-09-24 18:00:00+00:00,1.8000001,27.0,64.314301,270.0,17.897,95
2020-10-24 19:30:00+00:00,1.0,27.0,64.314301,120.0,27.841,-11
2020-11-30 05:30:00+00:00,1.2,27.0,64.314301,120.0,15.411000000000001,4
2020-02-06 23:30:00+00:00,1.1,23.0,68.722557,300.0,13.437,94
2020-04-05 12:00:00+00:00,1.6,23.0,68.722557,210.0,52.256,18
2020-04-14 08:30:00+00:00,1.3000001,23.0,68.722557,630.0,66.191,5
2020-04-15 14:30:00+00:00,1.3000001,23.0,68.722557,600.0,34.342,-6
2020-04-24 07:00:00+00:00,1.8000001,23.0,68.722557,150.0,8.958,-7
2020-05-10 10:30:00+00:00,1.6,23.0,68.722557,210.0,6.471000000000001,-27
2020-05-25 17:00:00+00:00,1.7,23.0,68.722557,120.0,12.443000000000001,6
2020-05-28 18:00:00+00:00,1.5,23.0,68.722557,270.0,23.889000000000003,5
2020-05-29 18:30:00+00:00,1.5,23.0,68.722557,300.0,38.82,53
2020-06-04 01:30:00+00:00,1.5,23.0,68.722557,720.0,39.812999999999995,88
2020-06-04 18:00:00+00:00,1.5,23.0,68.722557,90.0,21.401,99
2020-06-06 14:00:00+00:00,1.8000001,23.0,68.722557,660.0,93.56400000000001,98
2020-06-23 17:30:00+00:00,1.8000001,23.0,68.722557,210.0,17.419,6
2020-07-15 21:30:00+00:00,1.3000001,23.0,68.722557,150.0,16.424,16
2020-07-29 18:00:00+00:00,1.7,23.0,68.722557,120.0,22.396,58
2020-08-27 19:30:00+00:00,1.5,23.0,68.722557,90.0,6.9670000000000005,29
2020-08-29 18:00:00+00:00,1.5,23.0,68.722557,360.0,17.917,12
2020-08-30 07:00:00+00:00,1.5,23.0,68.722557,330.0,5.474,12
2020-09-11 16:00:00+00:00,1.9,23.0,68.722557,180.0,12.94,25
2020-09-12 15:30:00+00:00,1.9,23.0,68.722557,240.0,10.949,31
2020-09-17 16:00:00+00:00,1.6,23.0,68.722557,300.0,13.935,4
2020-09-19 14:30:00+00:00,1.6,23.0,68.722557,420.0,20.904,-12
2020-09-27 21:00:00+00:00,1.9,23.0,68.722557,300.0,8.461,27
2020-10-04 15:30:00+00:00,1.4,23.0,68.722557,900.0,13.936,-10
2020-10-21 23:30:00+00:00,1.3000001,23.0,68.722557,240.0,14.432999999999998,33
2020-10-22 16:00:00+00:00,1.3000001,23.0,68.722557,90.0,9.954,0
2020-10-23 16:30:00+00:00,1.3000001,23.0,68.722557,180.0,21.399,11
2020-11-01 19:30:00+00:00,1.2,23.0,68.722557,150.0,5.4750000000000005,-13
2020-11-09 18:30:00+00:00,1.2,23.0,68.722557,540.0,21.897999999999996,11
2020-11-12 08:30:00+00:00,1.1,23.0,68.722557,300.0,14.931000000000001,-14
2020-01-07 08:00:00+00:00,5.5999999,10.0,117.730141,180.0,5.4750000000000005,89
2020-01-17 23:00:00+00:00,5.5999999,10.0,117.730141,150.0,8.461,96
2020-07-02 07:00:00+00:00,2.5,10.0,117.730141,150.0,6.470000000000001,98
2020-07-08 12:00:00+00:00,1.7,10.0,117.730141,360.0,9.953000000000001,34
2020-07-18 18:30:00+00:00,3.4000001,10.0,117.730141,300.0,15.924999999999997,14
2020-07-30 22:30:00+00:00,5.0,10.0,117.730141,120.0,49.765,21
2020-08-22 15:30:00+00:00,6.5,10.0,117.730141,540.0,35.830999999999996,27
2020-09-07 22:30:00+00:00,6.3000002,10.0,117.730141,150.0,13.437999999999999,30
2020-09-29 01:30:00+00:00,6.5999999,10.0,117.730141,180.0,5.974000000000001,10
2020-10-03 03:00:00+00:00,6.5,10.0,117.730141,240.0,6.968,28
2020-10-06 21:00:00+00:00,6.5,10.0,117.730141,180.0,14.431999999999999,29
2020-10-16 18:30:00+00:00,6.7000003,10.0,117.730141,150.0,7.4750000000000005,16
2020-11-02 08:30:00+00:00,6.7000003,10.0,117.730141,180.0,5.98,21
2020-11-08 10:30:00+00:00,5.9000001,10.0,117.730141,690.0,25.419,22
2020-11-10 09:30:00+00:00,5.9000001,10.0,117.730141,90.0,18.94,17
2020-11-10 23:00:00+00:00,5.9000001,10.0,117.730141,330.0,24.423,20
2020-11-11 09:00:00+00:00,5.9000001,10.0,117.730141,1380.0,120.614,18
2020-11-22 11:30:00+00:00,6.7000003,10.0,117.730141,180.0,6.478000000000001,26
2020-11-23 12:30:00+00:00,6.7000003,10.0,117.730141,270.0,17.444,22
2020-03-12 13:30:00+00:00,0.2,20.0,97.937225,450.0,10.373999999999999,8
2020-03-19 13:30:00+00:00,0.2,20.0,97.937225,750.0,16.302,24
2020-03-25 17:00:00+00:00,1.0,20.0,97.937225,630.0,23.217999999999996,20
2020-03-28 22:00:00+00:00,1.0,20.0,97.937225,420.0,13.831999999999999,15
2020-04-07 10:00:00+00:00,0.7,20.0,97.937225,360.0,8.892,24
2020-04-12 16:30:00+00:00,0.8,20.0,97.937225,720.0,7.904,93
2020-04-27 14:30:00+00:00,1.3000001,20.0,97.937225,270.0,8.892,25
2020-05-17 14:30:00+00:00,1.7,20.0,97.937225,630.0,22.723999999999997,24
2020-06-10 00:00:00+00:00,5.2000003,20.0,97.937225,570.0,65.702,23
2020-06-20 04:00:00+00:00,6.8000002,20.0,97.937225,930.0,14.325999999999999,28
2020-06-22 01:00:00+00:00,4.7000003,20.0,97.937225,270.0,13.831999999999999,29
2020-07-06 22:00:00+00:00,5.0,20.0,97.937225,90.0,6.422,34
2020-07-09 05:30:00+00:00,1.9,20.0,97.937225,600.0,33.592,85
2020-07-14 22:00:00+00:00,1.9,20.0,97.937225,210.0,52.86,99
2020-07-18 09:30:00+00:00,3.5,20.0,97.937225,120.0,17.29,99
2020-07-21 17:30:00+00:00,3.5,20.0,97.937225,300.0,11.361999999999998,76
2020-08-13 05:00:00+00:00,5.7000003,20.0,97.937225,270.0,5.434,55
2020-09-09 18:30:00+00:00,4.5999999,20.0,97.937225,420.0,9.386,19
2020-09-12 08:00:00+00:00,4.5999999,20.0,97.937225,930.0,31.616,29
2020-09-24 05:30:00+00:00,2.1000001,20.0,97.937225,360.0,23.712,27
2020-09-24 16:30:00+00:00,2.1000001,20.0,97.937225,240.0,6.9159999999999995,26
2020-10-12 11:00:00+00:00,0.5,20.0,97.937225,450.0,20.951999999999998,22
2020-10-22 20:30:00+00:00,0.5,20.0,97.937225,1410.0,15.330000000000002,58
2020-11-10 02:00:00+00:00,0.8,20.0,97.937225,1260.0,33.727,31
2020-03-12 13:00:00+00:00,0.2,23.0,111.037758,510.0,11.019999999999998,20
2020-03-19 13:30:00+00:00,0.2,23.0,111.037758,720.0,16.028,8
2020-03-25 17:00:00+00:00,1.0,23.0,111.037758,630.0,25.043,13
2020-03-29 03:30:00+00:00,1.0,23.0,111.037758,90.0,6.511,18
2020-04-07 10:30:00+00:00,0.8,23.0,111.037758,360.0,8.514,10
2020-04-12 16:30:00+00:00,0.8,23.0,111.037758,570.0,9.017000000000001,92
2020-04-27 14:00:00+00:00,1.2,23.0,111.037758,120.0,8.012,24
2020-05-17 14:30:00+00:00,1.6,23.0,111.037758,660.0,22.04,21
2020-06-01 17:30:00+00:00,6.0,23.0,111.037758,120.0,5.510000000000001,57
2020-06-05 09:00:00+00:00,6.5,23.0,111.037758,120.0,6.010000000000001,13
2020-06-10 00:00:00+00:00,6.5,23.0,111.037758,570.0,66.10600000000001,90
2020-06-20 04:00:00+00:00,5.4000001,23.0,111.037758,870.0,14.524999999999999,3
2020-06-22 01:00:00+00:00,6.5,23.0,111.037758,270.0,16.527,-2
2020-07-06 22:00:00+00:00,5.5,23.0,111.037758,150.0,7.512,10
2020-07-09 05:30:00+00:00,6.8000002,23.0,111.037758,600.0,33.053,-11
2020-07-14 16:00:00+00:00,6.8000002,23.0,111.037758,570.0,56.589999999999996,-9
2020-07-18 09:30:00+00:00,3.9000001,23.0,111.037758,120.0,17.528000000000002,-18
2020-07-21 17:30:00+00:00,3.9000001,23.0,111.037758,270.0,11.519999999999998,-9
2020-08-08 10:00:00+00:00,5.5999999,23.0,111.037758,120.0,16.026,-1
2020-08-13 05:00:00+00:00,5.5999999,23.0,111.037758,270.0,5.511000000000001,-9
2020-09-09 18:30:00+00:00,4.5999999,23.0,111.037758,450.0,8.923,-49
2020-09-12 08:00:00+00:00,4.5999999,23.0,111.037758,870.0,27.259999999999994,12
2020-09-24 06:00:00+00:00,2.0,23.0,111.037758,270.0,22.794999999999998,5
2020-09-24 16:30:00+00:00,2.0,23.0,111.037758,270.0,8.922,10
2020-10-12 11:00:00+00:00,0.5,23.0,111.037758,390.0,18.830999999999996,5
2020-10-20 21:30:00+00:00,0.7,23.0,111.037758,480.0,6.943,99
2020-10-22 16:00:00+00:00,0.7,23.0,111.037758,390.0,7.931000000000001,83
2020-11-10 02:00:00+00:00,0.7,23.0,111.037758,390.0,20.816999999999993,-1
2020-11-10 12:30:00+00:00,0.7,23.0,111.037758,930.0,14.376000000000001,-13
2020-04-27 15:30:00+00:00,1.0,24.0,133.754913,120.0,6.514,19
2020-05-25 18:30:00+00:00,4.7000003,24.0,133.754913,270.0,17.037000000000003,27
2020-05-26 19:30:00+00:00,4.7000003,24.0,133.754913,150.0,9.52,21
2020-06-01 17:30:00+00:00,6.2000003,24.0,133.754913,90.0,5.010000000000001,38
2020-06-07 13:00:00+00:00,6.0999999,24.0,133.754913,210.0,5.511,34
2020-06-10 01:30:00+00:00,6.0999999,24.0,133.754913,570.0,71.66000000000001,13
2020-06-21 21:30:00+00:00,5.5999999,24.0,133.754913,240.0,10.022,43
2020-07-07 01:00:00+00:00,4.9000001,24.0,133.754913,180.0,27.561000000000003,27
2020-07-14 16:30:00+00:00,4.9000001,24.0,133.754913,360.0,33.574999999999996,22
2020-07-18 09:00:00+00:00,1.9,24.0,133.754913,90.0,24.555000000000003,55
2020-07-19 04:00:00+00:00,1.9,24.0,133.754913,90.0,25.056,96
2020-07-25 21:00:00+00:00,5.2000003,24.0,133.754913,90.0,17.539,28
2020-07-26 13:00:00+00:00,5.2000003,24.0,133.754913,180.0,39.088,21
2020-08-08 09:00:00+00:00,6.5999999,24.0,133.754913,90.0,16.035999999999998,23
2020-08-21 23:30:00+00:00,5.5999999,24.0,133.754913,540.0,43.596,38
2020-08-31 15:30:00+00:00,4.5,24.0,133.754913,180.0,14.531,26
2020-09-09 19:00:00+00:00,5.4000001,24.0,133.754913,270.0,6.0120000000000005,24
2020-09-12 10:00:00+00:00,5.4000001,24.0,133.754913,810.0,17.037000000000003,16
2020-09-13 06:30:00+00:00,5.4000001,24.0,133.754913,120.0,5.011,24
2020-09-24 03:00:00+00:00,1.9,24.0,133.754913,750.0,21.045,25
2020-09-26 23:00:00+00:00,1.4,24.0,133.754913,330.0,29.063000000000002,22
2020-10-12 11:30:00+00:00,0.3,24.0,133.754913,390.0,36.081,21
2020-01-10 05:30:00+00:00,0.3,1.5,0.0,1050.0,9.029999999999998,1
2020-01-17 08:00:00+00:00,0.3,1.5,0.0,570.0,6.34,45
2020-02-12 14:00:00+00:00,0.3,1.5,0.0,660.0,5.56,35
2020-03-09 02:00:00+00:00,0.3,1.5,0.0,1200.0,12.75,-154
2020-07-09 07:00:00+00:00,4.4000001,1.5,0.0,210.0,15.5,-83
2020-07-20 11:00:00+00:00,3.9000001,1.5,0.0,1110.0,17.240000000000002,-98
2020-07-29 15:30:00+00:00,4.0,1.5,0.0,450.0,7.99,-148
2020-08-16 12:00:00+00:00,2.4000001,1.5,0.0,1020.0,7.73,-77
2020-08-29 09:30:00+00:00,2.0,1.5,0.0,240.0,14.680000000000001,-78
2020-09-09 09:30:00+00:00,1.4,1.5,0.0,750.0,15.03,-12
2020-09-27 17:00:00+00:00,1.1,1.5,0.0,270.0,12.409999999999998,62
2020-11-09 14:30:00+00:00,0.5,1.5,0.0,270.0,11.290000000000001,-39
2020-11-24 15:00:00+00:00,0.3,1.5,0.0,690.0,16.29,-86
2020-01-10 18:30:00+00:00,0.5,19.0,0.0,210.0,17.78,28
2020-02-12 14:30:00+00:00,0.5,19.0,0.0,480.0,6.096,78
2020-03-09 05:30:00+00:00,0.7,19.0,0.0,1020.0,44.704,-9
2020-03-14 05:30:00+00:00,0.7,19.0,0.0,390.0,9.143999999999998,-7
2020-03-18 06:00:00+00:00,0.9,19.0,0.0,360.0,8.636,-14
2020-03-19 12:00:00+00:00,0.9,19.0,0.0,120.0,9.652000000000001,-5
2020-03-22 09:00:00+00:00,0.9,19.0,0.0,420.0,6.604,-15
2020-04-12 16:30:00+00:00,1.6,19.0,0.0,150.0,13.716000000000001,22
2020-04-16 18:00:00+00:00,1.6,19.0,0.0,900.0,25.4,15
2020-04-24 16:00:00+00:00,1.7,19.0,0.0,180.0,19.812,-5
2020-04-24 23:00:00+00:00,1.7,19.0,0.0,390.0,14.223999999999997,-10
2020-04-27 09:30:00+00:00,3.9000001,19.0,0.0,180.0,16.764,-18
2020-05-04 14:00:00+00:00,5.0,19.0,0.0,150.0,31.496,29
2020-05-22 14:00:00+00:00,4.7000003,19.0,0.0,90.0,11.176000000000002,-16
2020-05-26 05:30:00+00:00,4.7000003,19.0,0.0,540.0,37.592,-2
2020-05-28 01:30:00+00:00,4.5999999,19.0,0.0,300.0,6.604,6
2020-06-04 06:30:00+00:00,4.5999999,19.0,0.0,270.0,9.143999999999998,31
2020-06-19 11:00:00+00:00,5.4000001,19.0,0.0,450.0,9.144,19
2020-06-25 06:30:00+00:00,4.8000002,19.0,0.0,270.0,11.684000000000001,0
2020-07-03 19:30:00+00:00,5.0999999,19.0,0.0,180.0,29.464,37
2020-07-09 08:30:00+00:00,5.4000001,19.0,0.0,180.0,12.7,42
2020-07-15 11:00:00+00:00,2.6000001,19.0,0.0,330.0,42.672000000000004,25
2020-07-20 12:30:00+00:00,2.6000001,19.0,0.0,480.0,21.336000000000002,14
2020-07-21 05:00:00+00:00,2.6000001,19.0,0.0,630.0,17.272,-2
2020-07-29 16:00:00+00:00,4.3000002,19.0,0.0,720.0,25.400000000000002,1
2020-08-09 12:00:00+00:00,5.2000003,19.0,0.0,210.0,10.16,23
2020-08-29 11:30:00+00:00,4.7000003,19.0,0.0,210.0,19.812,3
2020-09-10 06:00:00+00:00,4.8000002,19.0,0.0,750.0,20.32,-3
2020-09-27 13:30:00+00:00,2.2,19.0,0.0,210.0,15.748000000000001,23
2020-10-23 08:00:00+00:00,0.9,19.0,0.0,240.0,9.904999999999998,43
2020-11-10 10:00:00+00:00,0.7,19.0,0.0,240.0,10.895999999999999,6
2020-11-23 15:30:00+00:00,0.6,19.0,0.0,150.0,5.9430000000000005,-27
2020-11-25 00:30:00+00:00,0.6,19.0,0.0,480.0,13.868,0
2020-01-02 15:00:00+00:00,0.7,30.0,154.07663,930.0,20.385,-18
2020-01-04 09:00:00+00:00,0.7,30.0,154.07663,780.0,5.965,-7
2020-01-07 09:00:00+00:00,0.4,30.0,154.07663,270.0,11.436,-5
2020-01-11 20:30:00+00:00,0.4,30.0,154.07663,510.0,33.315,8
2020-01-14 11:00:00+00:00,0.3,30.0,154.07663,210.0,18.395,-15
2020-01-18 20:00:00+00:00,0.3,30.0,154.07663,300.0,8.453000000000001,-23
2020-01-24 04:30:00+00:00,0.4,30.0,154.07663,870.0,15.411999999999999,-26
2020-02-05 11:00:00+00:00,0.7,30.0,154.07663,570.0,54.196999999999996,13
2020-02-06 03:00:00+00:00,0.7,30.0,154.07663,1020.0,80.55200000000002,49
2020-02-07 01:00:00+00:00,0.7,30.0,154.07663,450.0,6.462999999999999,18
2020-02-10 14:00:00+00:00,0.7,30.0,154.07663,510.0,6.958,-5
2020-02-11 07:00:00+00:00,0.7,30.0,154.07663,630.0,18.891,-15
2020-02-13 03:30:00+00:00,0.7,30.0,154.07663,510.0,46.243,63
2020-02-18 18:00:00+00:00,0.5,30.0,154.07663,900.0,18.394000000000002,-47
2020-02-24 18:30:00+00:00,0.7,30.0,154.07663,750.0,8.451,-25
2020-03-03 12:00:00+00:00,0.5,30.0,154.07663,210.0,29.335,55
2020-03-13 05:00:00+00:00,0.3,30.0,154.07663,570.0,20.691,8
2020-03-17 03:00:00+00:00,0.9,30.0,154.07663,630.0,31.286,-7
2020-03-20 22:00:00+00:00,0.9,30.0,154.07663,360.0,22.708,-4
2020-03-23 07:00:00+00:00,0.9,30.0,154.07663,480.0,30.277999999999995,-7
2020-03-24 15:00:00+00:00,0.9,30.0,154.07663,750.0,25.233999999999998,-1
2020-04-12 20:00:00+00:00,1.6,30.0,154.07663,660.0,89.31400000000001,12
2020-04-18 06:30:00+00:00,1.9,30.0,154.07663,300.0,19.175,0
2020-04-20 03:30:00+00:00,1.9,30.0,154.07663,570.0,16.654999999999998,-2
2020-04-23 06:00:00+00:00,1.9,30.0,154.07663,420.0,6.0569999999999995,14
2020-04-24 02:30:00+00:00,1.9,30.0,154.07663,480.0,7.063999999999999,6
2020-04-25 18:30:00+00:00,1.9,30.0,154.07663,510.0,12.113000000000001,13
2020-04-29 19:00:00+00:00,4.9000001,30.0,154.07663,420.0,27.246000000000002,3
2020-05-06 16:30:00+00:00,6.2000003,30.0,154.07663,360.0,12.112000000000002,6
2020-05-08 17:00:00+00:00,6.2000003,30.0,154.07663,450.0,13.120999999999999,-3
2020-05-18 20:30:00+00:00,1.9,30.0,154.07663,90.0,13.624,17
2020-05-19 11:30:00+00:00,1.9,30.0,154.07663,960.0,45.415000000000006,4
2020-05-22 16:00:00+00:00,3.8,30.0,154.07663,270.0,12.110000000000001,16
2020-05-24 18:00:00+00:00,3.8,30.0,154.07663,270.0,6.056,40
2020-05-26 14:30:00+00:00,3.8,30.0,154.07663,120.0,29.266999999999996,12
2020-05-29 21:30:00+00:00,6.2000003,30.0,154.07663,150.0,9.588000000000001,-9
2020-06-04 18:30:00+00:00,6.2000003,30.0,154.07663,180.0,9.083,9
2020-06-25 07:00:00+00:00,2.0,30.0,154.07663,240.0,5.552,8
2020-06-28 06:30:00+00:00,2.0,30.0,154.07663,180.0,13.624,16
2020-06-28 18:30:00+00:00,2.0,30.0,154.07663,150.0,9.588000000000001,27
2020-06-29 07:30:00+00:00,1.4,30.0,154.07663,240.0,8.578,16
2020-06-29 23:00:00+00:00,1.4,30.0,154.07663,210.0,13.624000000000002,69
2020-07-05 17:00:00+00:00,1.4,30.0,154.07663,90.0,5.046,64
2020-07-25 16:30:00+00:00,6.5,30.0,154.07663,210.0,6.56,94
2020-08-10 13:00:00+00:00,5.4000001,30.0,154.07663,270.0,7.568999999999999,99
2020-08-15 13:30:00+00:00,5.4000001,30.0,154.07663,180.0,30.781,15
2020-08-23 05:30:00+00:00,2.7,30.0,154.07663,240.0,9.083,-12
2020-08-23 18:30:00+00:00,2.7,30.0,154.07663,390.0,30.779999999999998,17
2020-08-29 08:00:00+00:00,5.7000003,30.0,154.07663,390.0,8.58,16
2020-08-31 03:30:00+00:00,5.7000003,30.0,154.07663,180.0,13.120000000000001,12
2020-09-17 06:30:00+00:00,4.5999999,30.0,154.07663,630.0,25.737999999999996,28
2020-09-24 05:30:00+00:00,4.5999999,30.0,154.07663,150.0,59.044000000000004,9
2020-10-10 06:30:00+00:00,4.5,30.0,154.07663,480.0,22.708,15
2020-10-10 23:00:00+00:00,4.5,30.0,154.07663,510.0,19.680999999999997,3
2020-10-25 02:00:00+00:00,1.4,30.0,154.07663,210.0,7.571,13
2020-10-28 11:30:00+00:00,1.6,30.0,154.07663,510.0,17.662,0
2020-10-29 00:30:00+00:00,1.6,30.0,154.07663,690.0,38.855999999999995,5
2020-11-11 22:00:00+00:00,0.9,30.0,154.07663,570.0,38.856,5
2020-11-23 03:30:00+00:00,0.7,30.0,154.07663,210.0,5.551,1
2020-11-30 02:30:00+00:00,0.7,30.0,154.07663,780.0,5.553999999999999,5
2020-01-03 02:30:00+00:00,0.6,18.0,132.260437,540.0,9.513999999999998,4
2020-01-04 03:30:00+00:00,0.6,18.0,132.260437,480.0,5.008,1
2020-01-04 16:30:00+00:00,0.6,18.0,132.260437,150.0,5.007000000000001,22
2020-01-11 07:00:00+00:00,0.5,18.0,132.260437,510.0,7.01,8
2020-01-11 20:30:00+00:00,0.5,18.0,132.260437,420.0,24.029000000000003,10
2020-01-18 19:00:00+00:00,0.5,18.0,132.260437,240.0,5.008,22
2020-01-24 10:30:00+00:00,0.2,18.0,132.260437,900.0,37.045,6
2020-02-05 00:00:00+00:00,0.6,18.0,132.260437,630.0,9.511999999999999,8
2020-02-05 15:00:00+00:00,0.6,18.0,132.260437,1080.0,110.63199999999999,6
2020-02-10 15:30:00+00:00,0.5,18.0,132.260437,600.0,22.529000000000007,2
2020-02-11 05:30:00+00:00,0.5,18.0,132.260437,510.0,8.511999999999999,-1
2020-02-13 05:00:00+00:00,0.5,18.0,132.260437,510.0,15.519999999999998,-4
2020-02-25 02:00:00+00:00,0.7,18.0,132.260437,660.0,13.518999999999998,3
2020-02-26 22:30:00+00:00,0.7,18.0,132.260437,90.0,7.007,17
2020-03-13 01:00:00+00:00,0.3,18.0,132.260437,630.0,33.038999999999994,3
2020-03-14 20:00:00+00:00,0.3,18.0,132.260437,780.0,15.523,-2
2020-03-18 23:30:00+00:00,0.9,18.0,132.260437,480.0,15.02,12
2020-03-20 22:30:00+00:00,0.9,18.0,132.260437,480.0,21.526999999999997,9
2020-03-24 21:30:00+00:00,0.9,18.0,132.260437,480.0,26.531000000000002,10
2020-03-25 09:30:00+00:00,0.9,18.0,132.260437,450.0,5.0089999999999995,1
2020-04-01 21:30:00+00:00,0.9,18.0,132.260437,540.0,6.0120000000000005,-4
2020-04-02 15:30:00+00:00,1.0,18.0,132.260437,270.0,12.014999999999997,75
2020-04-08 19:30:00+00:00,1.0,18.0,132.260437,90.0,10.512,25
2020-04-09 07:00:00+00:00,1.0,18.0,132.260437,90.0,8.01,24
2020-04-12 20:00:00+00:00,1.1,18.0,132.260437,780.0,85.092,11
2020-04-18 08:00:00+00:00,1.0,18.0,132.260437,360.0,9.012999999999998,11
2020-04-20 09:30:00+00:00,1.0,18.0,132.260437,150.0,5.007000000000001,22
2020-04-23 12:00:00+00:00,1.0,18.0,132.260437,1410.0,18.025,4
2020-04-25 18:00:00+00:00,1.0,18.0,132.260437,840.0,11.015999999999998,2
2020-04-26 17:30:00+00:00,1.0,18.0,132.260437,780.0,5.510000000000001,14
2020-04-30 00:00:00+00:00,1.0,18.0,132.260437,540.0,42.549,10
2020-05-04 02:30:00+00:00,1.2,18.0,132.260437,330.0,14.016,24
2020-05-05 12:30:00+00:00,1.2,18.0,132.260437,120.0,7.5089999999999995,11
2020-05-08 17:30:00+00:00,1.2,18.0,132.260437,420.0,12.517999999999999,14
2020-05-19 00:00:00+00:00,0.6,18.0,132.260437,390.0,201.243,16
2020-05-27 20:30:00+00:00,2.2,18.0,132.260437,660.0,40.547,18
2020-06-04 20:30:00+00:00,5.5,18.0,132.260437,420.0,5.008000000000001,40
2020-06-06 01:00:00+00:00,4.5,18.0,132.260437,180.0,5.006,16
2020-06-10 17:00:00+00:00,4.5,18.0,132.260437,210.0,34.537,33
2020-06-14 20:30:00+00:00,6.0999999,18.0,132.260437,900.0,29.038000000000007,12
2020-06-15 17:30:00+00:00,6.0999999,18.0,132.260437,600.0,5.509,30
2020-06-16 18:00:00+00:00,6.0999999,18.0,132.260437,780.0,70.586,23
2020-06-18 19:30:00+00:00,6.0999999,18.0,132.260437,120.0,7.509,14
2020-06-23 20:00:00+00:00,5.0,18.0,132.260437,120.0,24.526,25
2020-07-22 21:30:00+00:00,5.9000001,18.0,132.260437,300.0,14.016,28
2020-07-23 16:30:00+00:00,4.7000003,18.0,132.260437,270.0,12.013,27
2020-07-28 21:30:00+00:00,4.7000003,18.0,132.260437,150.0,7.008,40
2020-07-30 17:30:00+00:00,4.7000003,18.0,132.260437,450.0,47.55,15
2020-09-17 12:00:00+00:00,4.5,18.0,132.260437,780.0,21.027,0
2020-09-25 05:30:00+00:00,2.7,18.0,132.260437,900.0,24.531,2
2020-09-29 08:00:00+00:00,2.7,18.0,132.260437,690.0,40.046,15
2020-10-10 09:30:00+00:00,2.5,18.0,132.260437,1140.0,51.56999999999999,6
2020-10-25 07:00:00+00:00,0.6,18.0,132.260437,330.0,10.512999999999996,14
2020-10-28 20:00:00+00:00,0.7,18.0,132.260437,1230.0,65.575,12
2020-11-11 07:00:00+00:00,0.7,18.0,132.260437,450.0,30.534999999999997,15
2020-11-11 23:00:00+00:00,0.7,18.0,132.260437,690.0,60.067,17
2020-11-23 05:00:00+00:00,0.5,18.0,132.260437,270.0,7.511,16
2020-11-30 03:00:00+00:00,0.6,18.0,132.260437,510.0,19.524,20
2020-01-18 15:00:00+00:00,0.5,28.0,128.471512,360.0,17.56,-5
2020-01-24 02:30:00+00:00,0.3,28.0,128.471512,900.0,32.608,2
2020-02-04 11:00:00+00:00,0.7,28.0,128.471512,510.0,10.034999999999998,-9
2020-02-05 09:00:00+00:00,0.7,28.0,128.471512,540.0,138.46000000000004,0
2020-02-10 12:00:00+00:00,0.8,28.0,128.471512,630.0,30.601,7
2020-02-11 07:00:00+00:00,0.8,28.0,128.471512,630.0,22.575,0
2020-02-13 02:00:00+00:00,0.8,28.0,128.471512,690.0,37.124,-2
2020-02-18 11:30:00+00:00,0.7,28.0,128.471512,960.0,17.56,9
2020-02-24 17:30:00+00:00,0.8,28.0,128.471512,930.0,18.061,-2
2020-03-02 11:00:00+00:00,0.5,28.0,128.471512,420.0,20.066999999999997,-1
2020-03-03 10:00:00+00:00,0.5,28.0,128.471512,240.0,30.600999999999996,16
2020-03-10 09:30:00+00:00,0.9,28.0,128.471512,210.0,5.018,-18
2020-03-10 18:30:00+00:00,0.9,28.0,128.471512,240.0,5.018,-23
2020-03-13 04:00:00+00:00,0.9,28.0,128.471512,420.0,8.027,25
2020-03-17 03:00:00+00:00,1.2,28.0,128.471512,750.0,12.545000000000002,-2
2020-03-19 06:30:00+00:00,1.2,28.0,128.471512,150.0,15.552,7
2020-03-20 20:00:00+00:00,1.2,28.0,128.471512,540.0,24.083,2
2020-03-23 07:00:00+00:00,1.2,28.0,128.471512,630.0,26.589999999999996,3
2020-03-24 14:00:00+00:00,1.2,28.0,128.471512,720.0,25.586,8
2020-03-29 09:00:00+00:00,1.2,28.0,128.471512,90.0,13.545,16
2020-04-12 13:00:00+00:00,3.7,28.0,128.471512,1290.0,86.793,96
2020-04-25 16:00:00+00:00,4.2000003,28.0,128.471512,510.0,7.023,99
2020-06-23 13:00:00+00:00,4.8000002,28.0,128.471512,300.0,6.522,99
2020-07-23 17:30:00+00:00,4.2000003,28.0,128.471512,120.0,17.057000000000002,34
2020-07-26 20:30:00+00:00,4.2000003,28.0,128.471512,90.0,21.572000000000003,26
2020-07-30 16:30:00+00:00,4.2000003,28.0,128.471512,240.0,10.033,20
2020-07-31 08:30:00+00:00,4.7000003,28.0,128.471512,90.0,22.073999999999998,29
2020-08-10 10:30:00+00:00,5.0,28.0,128.471512,270.0,13.043,22
2020-08-15 19:00:00+00:00,5.0,28.0,128.471512,240.0,12.04,21
2020-08-24 03:30:00+00:00,1.7,28.0,128.471512,90.0,15.05,10
2020-08-29 05:00:00+00:00,1.7,28.0,128.471512,450.0,15.552999999999997,13
2020-09-24 06:00:00+00:00,5.2000003,28.0,128.471512,540.0,59.20400000000001,23
2020-09-28 23:00:00+00:00,5.0,28.0,128.471512,300.0,28.595999999999997,20
2020-10-10 06:30:00+00:00,4.4000001,28.0,128.471512,540.0,21.07,25
2020-10-10 21:00:00+00:00,4.4000001,28.0,128.471512,570.0,25.083999999999996,24
2020-10-24 06:00:00+00:00,1.6,28.0,128.471512,450.0,18.06,9
2020-11-11 17:00:00+00:00,0.9,28.0,128.471512,600.0,52.676,16
2020-11-30 00:00:00+00:00,0.7,28.0,128.471512,630.0,12.042,10
2020-10-10 07:30:00+00:00,3.7,30.0,123.597664,390.0,24.532999999999998,41
2020-10-10 18:30:00+00:00,3.7,30.0,123.597664,240.0,7.0089999999999995,51
2020-10-24 08:00:00+00:00,1.4,30.0,123.597664,690.0,35.048,24
2020-10-28 02:30:00+00:00,1.9,30.0,123.597664,270.0,15.018999999999998,30
2020-10-28 23:30:00+00:00,1.9,30.0,123.597664,330.0,82.60699999999999,28
2020-11-25 17:00:00+00:00,0.9,30.0,123.597664,150.0,13.517,35
2020-11-27 22:00:00+00:00,0.9,30.0,123.597664,1290.0,8.517,-9
2020-01-02 07:30:00+00:00,0.9,35.0,93.032616,810.0,22.5,6
2020-01-03 11:30:00+00:00,0.9,35.0,93.032616,780.0,28.0,6
2020-01-29 13:00:00+00:00,0.6,35.0,93.032616,420.0,9.5,23
2020-02-06 08:30:00+00:00,0.3,35.0,93.032616,540.0,30.5,12
2020-02-10 23:00:00+00:00,0.3,35.0,93.032616,210.0,28.0,-4
2020-08-20 00:00:00+00:00,3.6000001,35.0,93.032616,210.0,70.77199999999999,35
2020-08-21 22:30:00+00:00,3.6000001,35.0,93.032616,210.0,10.541,87
2020-08-25 06:00:00+00:00,2.4000001,35.0,93.032616,720.0,94.36300000000001,99
2020-08-30 20:30:00+00:00,2.4000001,35.0,93.032616,240.0,15.059000000000001,99
2020-09-16 06:30:00+00:00,1.5,35.0,93.032616,840.0,8.032,96
2020-10-24 11:00:00+00:00,1.7,35.0,93.032616,120.0,13.051,99
2020-11-25 17:30:00+00:00,1.6,35.0,93.032616,150.0,26.1,17
2020-11-27 21:30:00+00:00,1.6,35.0,93.032616,480.0,39.151,22
2020-11-29 13:30:00+00:00,1.3000001,35.0,93.032616,720.0,57.723000000000006,6
2020-01-02 08:00:00+00:00,1.9,25.0,91.748566,930.0,58.866,99
2020-02-18 05:00:00+00:00,1.7,25.0,91.748566,420.0,16.746,76
2020-02-19 00:30:00+00:00,1.7,25.0,91.748566,660.0,22.32400000000001,71
2020-02-20 05:30:00+00:00,1.7,25.0,91.748566,1020.0,31.964,74
2020-02-24 16:00:00+00:00,1.4,25.0,91.748566,480.0,6.593999999999999,68
2020-03-03 10:30:00+00:00,1.6,25.0,91.748566,540.0,44.148,91
2020-03-04 09:00:00+00:00,1.6,25.0,91.748566,600.0,77.63,86
2020-03-10 08:30:00+00:00,1.5,25.0,91.748566,360.0,5.580999999999999,94
2020-03-22 13:30:00+00:00,2.4000001,25.0,91.748566,150.0,12.684999999999999,99
2020-04-07 17:30:00+00:00,3.3,25.0,91.748566,240.0,12.177,90
2020-05-18 01:00:00+00:00,3.3,25.0,91.748566,150.0,23.343,92
2020-05-22 22:30:00+00:00,5.7000003,25.0,91.748566,180.0,9.133,3
2020-05-26 12:00:00+00:00,5.7000003,25.0,91.748566,660.0,31.46,38
2020-05-27 18:30:00+00:00,5.7000003,25.0,91.748566,150.0,16.238,7
2020-05-28 08:30:00+00:00,4.5999999,25.0,91.748566,90.0,9.133999999999999,34
2020-06-08 09:00:00+00:00,6.5999999,25.0,91.748566,240.0,12.684999999999999,31
2020-06-08 18:30:00+00:00,6.5999999,25.0,91.748566,210.0,15.731000000000002,10
2020-06-09 18:00:00+00:00,6.5999999,25.0,91.748566,1320.0,14.208,20
2020-06-23 23:00:00+00:00,2.6000001,25.0,91.748566,90.0,8.119,-11
2020-06-24 18:00:00+00:00,2.6000001,25.0,91.748566,240.0,11.67,15
2020-07-08 00:30:00+00:00,5.7000003,25.0,91.748566,210.0,39.074,6
2020-07-23 22:30:00+00:00,5.3000002,25.0,91.748566,300.0,17.759,13
2020-07-25 17:00:00+00:00,5.3000002,25.0,91.748566,150.0,7.611,23
2020-07-26 00:00:00+00:00,5.3000002,25.0,91.748566,180.0,11.162999999999998,11
2020-07-29 10:30:00+00:00,5.3000002,25.0,91.748566,420.0,47.193000000000005,0
2020-07-29 23:30:00+00:00,5.3000002,25.0,91.748566,270.0,7.103999999999999,-6
2020-08-14 11:30:00+00:00,2.5,25.0,91.748566,120.0,12.178999999999998,-18
2020-11-11 09:00:00+00:00,2.0,25.0,91.748566,390.0,51.253,6
2020-11-25 17:00:00+00:00,2.0,25.0,91.748566,90.0,13.7,-8
2020-04-16 01:00:00+00:00,0.3,19.0,38.893902,600.0,17.71,99
2020-05-02 20:30:00+00:00,1.1,19.0,38.893902,360.0,7.0840000000000005,23
2020-05-15 21:00:00+00:00,1.4,19.0,38.893902,270.0,5.0600000000000005,7
2020-06-19 00:00:00+00:00,1.3000001,19.0,38.893902,180.0,5.566000000000001,-2
2020-07-25 19:00:00+00:00,1.5,19.0,38.893902,150.0,7.59,-11
2020-01-10 18:00:00+00:00,0.2,13.0,39.642086,90.0,48.92,-19
2020-01-16 15:00:00+00:00,0.3,13.0,39.642086,300.0,17.509999999999998,-85
2020-01-21 20:30:00+00:00,0.4,13.0,39.642086,1290.0,5.409999999999999,-87
2020-02-05 06:00:00+00:00,0.3,13.0,39.642086,660.0,7.5699999999999985,-39
2020-02-10 18:30:00+00:00,0.5,13.0,39.642086,240.0,11.219999999999999,-32
2020-02-12 06:00:00+00:00,0.5,13.0,39.642086,810.0,12.139999999999999,-52
2020-03-04 08:00:00+00:00,0.6,13.0,39.642086,1020.0,20.81,-67
2020-03-13 08:00:00+00:00,0.2,13.0,39.642086,810.0,29.57,-49
2020-03-16 03:00:00+00:00,0.2,13.0,39.642086,240.0,7.28,-65
2020-03-18 03:30:00+00:00,0.8,13.0,39.642086,960.0,32.07,40
2020-10-23 06:00:00+00:00,1.0,13.0,39.642086,540.0,27.88,-48
2020-10-28 05:00:00+00:00,0.8,13.0,39.642086,660.0,6.279999999999999,-60
2020-11-28 13:30:00+00:00,0.4,13.0,39.642086,990.0,9.209999999999999,49
2020-04-30 15:00:00+00:00,0.5,14.0,46.88752,510.0,9.079999999999998,-138
2020-05-14 12:00:00+00:00,0.5,14.0,46.88752,840.0,5.31,-218
2020-05-22 05:00:00+00:00,1.0,14.0,46.88752,1140.0,7.999999999999999,-142
2020-05-23 08:00:00+00:00,1.0,14.0,46.88752,960.0,11.77,62
2020-06-29 02:30:00+00:00,1.6,14.0,46.88752,1230.0,7.319999999999999,99
2020-10-20 07:30:00+00:00,0.1,14.0,46.88752,60.0,21.26,85
2020-11-08 00:00:00+00:00,0.1,14.0,46.88752,1170.0,8.270000000000001,85
2020-01-21 09:30:00+00:00,0.3,2.0,0.0,420.0,7.029999999999999,-30
2020-02-10 22:00:00+00:00,0.3,2.0,0.0,840.0,6.449999999999998,-61
2020-05-31 21:30:00+00:00,0.4,2.0,0.0,90.0,19.41,65
2020-01-01 00:00:00+00:00,0.2,34.0,255.554062,630.0,27.443999999999992,28
2020-01-01 14:30:00+00:00,0.2,34.0,255.554062,1050.0,16.965999999999998,17
2020-01-02 17:00:00+00:00,0.2,34.0,255.554062,540.0,7.983999999999999,22
2020-01-04 07:00:00+00:00,0.2,34.0,255.554062,330.0,22.951999999999995,19
2020-01-05 15:00:00+00:00,0.1,34.0,255.554062,840.0,96.297,25
2020-01-07 22:30:00+00:00,0.1,34.0,255.554062,840.0,25.944999999999997,20
2020-01-08 21:30:00+00:00,0.1,34.0,255.554062,390.0,7.983999999999998,32
2020-01-10 13:00:00+00:00,0.1,34.0,255.554062,240.0,141.212,31
2020-01-15 22:30:00+00:00,0.0,34.0,255.554062,1020.0,23.950999999999997,52
2020-01-17 23:00:00+00:00,0.0,34.0,255.554062,1380.0,14.97,-128
2020-01-21 10:00:00+00:00,0.3,34.0,255.554062,210.0,11.477,14
2020-01-21 19:30:00+00:00,0.3,34.0,255.554062,300.0,5.489,17
2020-01-22 11:00:00+00:00,0.3,34.0,255.554062,720.0,14.97,13
2020-01-23 03:30:00+00:00,0.3,34.0,255.554062,390.0,65.866,14
2020-01-26 05:30:00+00:00,0.3,34.0,255.554062,390.0,14.471,14
2020-01-26 23:30:00+00:00,0.3,34.0,255.554062,330.0,13.472000000000001,14
2020-01-27 20:30:00+00:00,0.3,34.0,255.554062,660.0,66.363,20
2020-01-29 14:00:00+00:00,3.0,34.0,255.554062,630.0,21.956000000000003,13
2020-01-31 00:30:00+00:00,3.0,34.0,255.554062,330.0,13.97,16
2020-02-01 12:30:00+00:00,3.0,34.0,255.554062,360.0,22.452999999999996,30
2020-02-04 23:30:00+00:00,3.0,34.0,255.554062,1410.0,149.197,17
2020-02-13 20:30:00+00:00,2.4000001,34.0,255.554062,330.0,5.489,6
2020-02-15 09:30:00+00:00,2.7,34.0,255.554062,1140.0,50.39900000000001,16
2020-02-17 02:30:00+00:00,2.7,34.0,255.554062,540.0,7.484999999999999,9
2020-02-23 12:00:00+00:00,2.4000001,34.0,255.554062,300.0,11.476,22
2020-02-23 22:30:00+00:00,2.4000001,34.0,255.554062,600.0,5.9879999999999995,9
2020-03-02 16:00:00+00:00,2.3,34.0,255.554062,720.0,10.479000000000001,19
2020-03-06 10:30:00+00:00,2.3,34.0,255.554062,120.0,15.968000000000002,5
2020-03-14 08:30:00+00:00,2.3,34.0,255.554062,630.0,6.486999999999999,95
2020-03-23 10:30:00+00:00,2.1000001,34.0,255.554062,630.0,13.473,9
2020-03-24 07:00:00+00:00,2.1000001,34.0,255.554062,780.0,14.471,6
2020-03-25 00:30:00+00:00,0.6,34.0,255.554062,510.0,8.482,25
2020-03-27 15:00:00+00:00,0.6,34.0,255.554062,1380.0,68.859,13
2020-04-01 00:00:00+00:00,0.6,34.0,255.554062,1350.0,18.462999999999997,8
2020-04-02 12:00:00+00:00,1.8000001,34.0,255.554062,390.0,7.983999999999999,22
2020-04-22 13:00:00+00:00,1.6,34.0,255.554062,600.0,9.481000000000002,1
2020-04-23 03:30:00+00:00,1.6,34.0,255.554062,270.0,14.469,13
2020-04-25 14:00:00+00:00,1.6,34.0,255.554062,180.0,14.967999999999998,13
2020-04-27 04:30:00+00:00,2.5,34.0,255.554062,690.0,17.964,9
2020-05-02 15:00:00+00:00,2.5,34.0,255.554062,540.0,17.964,12
2020-05-03 04:00:00+00:00,2.5,34.0,255.554062,540.0,7.484999999999999,7
2020-05-06 09:00:00+00:00,2.3,34.0,255.554062,180.0,8.982000000000001,9
2020-05-12 13:00:00+00:00,0.7,34.0,255.554062,1320.0,24.95,8
2020-05-14 02:00:00+00:00,0.7,34.0,255.554062,420.0,5.988,8
2020-05-14 19:30:00+00:00,0.7,34.0,255.554062,930.0,10.479,0
2020-05-17 02:30:00+00:00,0.7,34.0,255.554062,450.0,10.477,1
2020-05-21 05:00:00+00:00,2.8,34.0,255.554062,450.0,10.478,4
2020-05-21 18:30:00+00:00,2.8,34.0,255.554062,690.0,11.477,5
2020-05-30 18:30:00+00:00,4.8000002,34.0,255.554062,270.0,12.472999999999999,-3
2020-06-06 16:30:00+00:00,0.9,34.0,255.554062,990.0,22.455,2
2020-06-08 23:30:00+00:00,0.9,34.0,255.554062,570.0,36.922000000000004,4
2020-06-13 14:00:00+00:00,5.3000002,34.0,255.554062,1350.0,39.416000000000004,5
2020-06-15 07:00:00+00:00,5.3000002,34.0,255.554062,780.0,20.956999999999997,5
2020-06-16 11:30:00+00:00,5.3000002,34.0,255.554062,360.0,16.965,13
2020-07-01 11:30:00+00:00,5.5999999,34.0,255.554062,540.0,5.9879999999999995,-7
2020-09-18 11:00:00+00:00,4.7000003,34.0,255.554062,360.0,17.988,-11
2020-09-23 12:00:00+00:00,4.7000003,34.0,255.554062,990.0,49.45900000000001,-2
2020-09-24 19:00:00+00:00,4.7000003,34.0,255.554062,330.0,5.496,13
2020-09-25 13:00:00+00:00,5.0999999,34.0,255.554062,570.0,21.984,2
2020-09-26 02:30:00+00:00,5.0999999,34.0,255.554062,150.0,6.994,-2
2020-10-10 07:00:00+00:00,3.3,34.0,255.554062,1380.0,49.46000000000001,-2
2020-10-11 10:00:00+00:00,3.3,34.0,255.554062,1140.0,42.467000000000006,0
2020-10-13 10:00:00+00:00,3.3,34.0,255.554062,690.0,28.477000000000004,0
2020-11-03 17:30:00+00:00,2.6000001,34.0,255.554062,450.0,22.482000000000003,-3
2020-11-05 07:30:00+00:00,1.6,34.0,255.554062,210.0,7.495000000000001,0
2020-11-05 18:30:00+00:00,1.6,34.0,255.554062,360.0,11.491000000000001,-3
2020-11-06 04:30:00+00:00,1.6,34.0,255.554062,1110.0,23.484,-10
2020-11-10 05:30:00+00:00,1.6,34.0,255.554062,120.0,26.983000000000004,0
2020-11-13 01:30:00+00:00,0.9,34.0,255.554062,360.0,60.45100000000001,9
2020-11-14 12:30:00+00:00,0.9,34.0,255.554062,150.0,41.97,-7
2020-11-17 17:00:00+00:00,0.9,34.0,255.554062,450.0,6.495,12
2020-11-18 10:30:00+00:00,0.9,34.0,255.554062,240.0,49.962,4
2020-11-23 13:00:00+00:00,4.4000001,34.0,255.554062,300.0,12.990000000000002,-3
2020-11-24 22:00:00+00:00,4.4000001,34.0,255.554062,390.0,18.485,0
2020-11-25 13:30:00+00:00,4.4000001,34.0,255.554062,120.0,12.995000000000001,-8
2020-11-30 15:00:00+00:00,1.0,34.0,255.554062,120.0,9.491999999999999,-1
2020-01-01 00:00:00+00:00,0.3,50.0,378.847687,510.0,57.364,17
2020-01-02 18:00:00+00:00,0.3,50.0,378.847687,750.0,8.048,39
2020-01-04 07:00:00+00:00,0.3,50.0,378.847687,450.0,148.42400000000004,21
2020-01-10 11:30:00+00:00,0.1,50.0,378.847687,570.0,67.425,21
2020-01-12 01:00:00+00:00,0.1,50.0,378.847687,1380.0,41.75500000000001,32
2020-01-18 19:00:00+00:00,0.1,50.0,378.847687,1260.0,14.084,70
2020-01-21 10:30:00+00:00,0.3,50.0,378.847687,270.0,10.062000000000001,91
2020-01-21 20:30:00+00:00,0.3,50.0,378.847687,450.0,159.50300000000001,-1
2020-01-25 09:30:00+00:00,0.3,50.0,378.847687,450.0,8.049,26
2020-01-26 05:30:00+00:00,0.3,50.0,378.847687,30.0,49.312,20
2020-01-27 20:30:00+00:00,0.3,50.0,378.847687,630.0,93.094,19
2020-01-29 11:30:00+00:00,2.1000001,50.0,378.847687,780.0,18.615000000000002,20
2020-02-01 12:30:00+00:00,2.1000001,50.0,378.847687,420.0,25.159,44
2020-02-06 08:30:00+00:00,2.0,50.0,378.847687,510.0,24.145,23
2020-02-07 22:00:00+00:00,2.0,50.0,378.847687,120.0,29.181,32
2020-02-14 06:00:00+00:00,2.3,50.0,378.847687,660.0,5.029999999999999,37
2020-02-15 10:00:00+00:00,2.3,50.0,378.847687,1080.0,19.115,22
2020-02-16 20:30:00+00:00,2.3,50.0,378.847687,930.0,11.067,30
2020-02-23 12:30:00+00:00,2.3,50.0,378.847687,870.0,25.16,35
2020-02-29 02:00:00+00:00,2.3,50.0,378.847687,90.0,5.536,75
2020-02-29 07:30:00+00:00,2.3,50.0,378.847687,660.0,18.618000000000002,39
2020-03-23 12:30:00+00:00,2.6000001,50.0,378.847687,900.0,12.073,44
2020-03-24 07:30:00+00:00,2.6000001,50.0,378.847687,810.0,10.062,25
2020-04-01 06:00:00+00:00,2.1000001,50.0,378.847687,390.0,6.540000000000001,42
2020-04-22 14:30:00+00:00,2.5,50.0,378.847687,1020.0,13.581999999999999,43
2020-04-25 14:30:00+00:00,2.5,50.0,378.847687,180.0,11.572000000000001,36
2020-04-27 06:30:00+00:00,3.7,50.0,378.847687,660.0,9.056000000000001,49
2020-05-02 14:00:00+00:00,3.7,50.0,378.847687,0.0,19.117,32
2020-05-06 11:30:00+00:00,2.7,50.0,378.847687,570.0,8.553,47
2020-05-13 00:00:00+00:00,1.3000001,50.0,378.847687,750.0,15.597000000000001,48
2020-05-17 02:00:00+00:00,1.3000001,50.0,378.847687,570.0,10.063,46
2020-05-21 16:00:00+00:00,4.4000001,50.0,378.847687,720.0,14.59,33
2020-05-30 22:00:00+00:00,5.3000002,50.0,378.847687,90.0,7.045,51
2020-06-06 21:00:00+00:00,0.6,50.0,378.847687,720.0,6.540000000000001,57
2020-06-09 04:00:00+00:00,0.6,50.0,378.847687,1410.0,30.689,27
2020-06-13 22:30:00+00:00,3.7,50.0,378.847687,420.0,7.0440000000000005,57
2020-06-15 07:30:00+00:00,3.7,50.0,378.847687,1140.0,32.704,32
2020-09-23 15:30:00+00:00,4.3000002,50.0,378.847687,810.0,47.30099999999999,28
2020-09-24 13:00:00+00:00,4.3000002,50.0,378.847687,1080.0,27.674,37
2020-09-25 13:30:00+00:00,5.0,50.0,378.847687,930.0,23.144,36
2020-10-10 08:00:00+00:00,4.5,50.0,378.847687,1020.0,39.751000000000005,21
2020-10-11 10:30:00+00:00,2.8,50.0,378.847687,1110.0,53.843999999999994,29
2020-10-13 10:00:00+00:00,2.8,50.0,378.847687,780.0,37.739000000000004,32
2020-11-03 18:30:00+00:00,2.1000001,50.0,378.847687,240.0,36.726,29
2020-11-05 19:30:00+00:00,0.2,50.0,378.847687,120.0,38.742000000000004,23
2020-11-10 06:00:00+00:00,0.2,50.0,378.847687,150.0,21.125999999999998,8
2020-11-13 01:30:00+00:00,2.6000001,50.0,378.847687,840.0,129.31799999999996,17
2020-11-16 12:00:00+00:00,2.6000001,50.0,378.847687,570.0,23.65,23
2020-11-17 17:00:00+00:00,2.6000001,50.0,378.847687,660.0,9.559000000000001,22
2020-11-18 10:30:00+00:00,2.6000001,50.0,378.847687,1200.0,71.448,22
2020-11-23 13:30:00+00:00,4.5,50.0,378.847687,300.0,9.055,21
2020-11-24 22:00:00+00:00,4.5,50.0,378.847687,390.0,10.061000000000002,33
2020-11-25 10:00:00+00:00,4.5,50.0,378.847687,450.0,5.029999999999999,16
2020-03-10 14:00:00+00:00,2.7,21.0,73.976173,1050.0,5.3,92
2020-03-15 17:30:00+00:00,2.7,21.0,73.976173,540.0,16.59,-61
2020-03-23 05:00:00+00:00,1.5,21.0,73.976173,1320.0,6.78,-10
2020-04-05 15:30:00+00:00,1.5,21.0,73.976173,780.0,12.770000000000001,-15
2020-04-09 03:00:00+00:00,1.5,21.0,73.976173,1170.0,6.92,24
2020-01-18 15:00:00+00:00,1.2,32.0,235.378738,450.0,13.035,91
2020-02-22 10:00:00+00:00,1.5,32.0,235.378738,120.0,5.514,84
2020-11-09 17:00:00+00:00,1.1,32.0,235.378738,360.0,7.545,20
2020-01-17 20:00:00+00:00,0.6,35.0,226.411926,270.0,6.024,76
2020-03-14 23:30:00+00:00,1.6,35.0,226.411926,1170.0,35.509,97
2020-03-23 06:00:00+00:00,0.5,35.0,226.411926,960.0,8.003,56
2020-04-05 09:00:00+00:00,0.5,35.0,226.411926,90.0,22.011,98
2020-04-09 07:30:00+00:00,0.5,35.0,226.411926,870.0,9.003,97
2020-04-17 21:00:00+00:00,0.6,35.0,226.411926,150.0,11.007,-12
2020-04-18 07:00:00+00:00,1.6,35.0,226.411926,150.0,5.503,15
2020-05-18 06:00:00+00:00,1.3000001,35.0,226.411926,990.0,31.020999999999997,52
2020-05-19 02:30:00+00:00,1.3000001,35.0,226.411926,450.0,6.5009999999999994,86
2020-11-18 19:00:00+00:00,1.5,35.0,226.411926,150.0,9.028,20
2020-08-03 10:30:00+00:00,2.0,8.0,29.14213,1020.0,19.9,8
2020-08-12 18:00:00+00:00,1.8000001,8.0,29.14213,780.0,6.550000000000001,99
2020-09-01 10:30:00+00:00,0.8,8.0,29.14213,840.0,5.69,11
2020-09-06 14:00:00+00:00,0.8,8.0,29.14213,360.0,6.2,21
2020-09-08 04:30:00+00:00,0.8,8.0,29.14213,1170.0,6.38,-8
2020-10-26 10:00:00+00:00,0.1,8.0,29.14213,540.0,5.219999999999999,98
2020-02-10 12:00:00+00:00,0.2,0.4,0.0,150.0,9.911,-4
2020-03-03 20:30:00+00:00,0.2,0.4,0.0,300.0,8.426,-13
2020-03-08 19:00:00+00:00,0.2,0.4,0.0,420.0,6.941000000000001,0
2020-07-24 23:00:00+00:00,0.3,0.4,0.0,180.0,25.275,99
2020-04-21 13:00:00+00:00,0.6,10.0,58.28426,450.0,6.641,11
2020-05-25 09:00:00+00:00,1.0,10.0,58.28426,990.0,28.085,6
2020-06-02 11:30:00+00:00,1.1,10.0,58.28426,330.0,10.214999999999996,17
2020-06-04 16:00:00+00:00,1.1,10.0,58.28426,480.0,11.236,18
2020-06-19 04:00:00+00:00,0.1,10.0,58.28426,930.0,7.153,24
2020-06-20 21:30:00+00:00,0.1,10.0,58.28426,720.0,14.302,19
2020-06-21 18:00:00+00:00,1.4,10.0,58.28426,450.0,55.67400000000001,10
2020-07-05 15:00:00+00:00,1.3000001,10.0,58.28426,90.0,6.640000000000001,32
2020-07-06 21:30:00+00:00,1.3000001,10.0,58.28426,240.0,6.1290000000000004,19
2020-07-17 02:30:00+00:00,1.4,10.0,58.28426,150.0,5.618,39
2020-08-04 09:00:00+00:00,1.3000001,10.0,58.28426,510.0,5.619000000000001,18
2020-08-10 04:30:00+00:00,1.3000001,10.0,58.28426,120.0,38.816,-4
2020-08-12 10:30:00+00:00,1.3000001,10.0,58.28426,450.0,25.024,16
2020-08-13 03:00:00+00:00,1.3000001,10.0,58.28426,390.0,8.681999999999999,8
2020-08-26 13:00:00+00:00,0.8,10.0,58.28426,450.0,18.957,8
2020-09-04 13:00:00+00:00,0.6,10.0,58.28426,1110.0,11.477000000000002,1
2020-09-12 09:30:00+00:00,0.7,10.0,58.28426,660.0,5.488999999999999,19
