P_File,TF_File
NEON.D01.BART.DP1.00006.001.000.060.030.SECPRE_30min.2020-01.basic.20201016T011410Z.csv,NEON.D01.BART.DP1.00006.001.001.000.030.THRPRE_30min.2020-01.basic.20201016T011410Z.csv
NEON.D01.BART.DP1.00006.001.000.060.030.SECPRE_30min.2020-02.basic.20201016T010326Z.csv,NEON.D01.BART.DP1.00006.001.001.000.030.THRPRE_30min.2020-02.basic.20201016T010326Z.csv
NEON.D01.BART.DP1.00006.001.000.060.030.SECPRE_30min.2020-03.basic.20200728T150028Z.csv,NEON.D01.BART.DP1.00006.001.001.000.030.THRPRE_30min.2020-03.basic.20200728T150028Z.csv
NEON.D01.BART.DP1.00006.001.000.060.030.SECPRE_30min.2020-04.basic.20200728T150028Z.csv,NEON.D01.BART.DP1.00006.001.001.000.030.THRPRE_30min.2020-04.basic.20200728T150028Z.csv
NEON.D01.BART.DP1.00006.001.000.060.030.SECPRE_30min.2020-05.basic.20200728T150042Z.csv,NEON.D01.BART.DP1.00006.001.001.000.030.THRPRE_30min.2020-05.basic.20200728T150042Z.csv
NEON.D01.BART.DP1.00006.001.000.060.030.SECPRE_30min.2020-06.basic.20200728T150119Z.csv,NEON.D01.BART.DP1.00006.001.001.000.030.THRPRE_30min.2020-06.basic.20200728T150119Z.csv
NEON.D01.BART.DP1.00006.001.000.060.030.SECPRE_30min.2020-07.basic.20200803T181746Z.csv,NEON.D01.BART.DP1.00006.001.001.000.030.THRPRE_30min.2020-07.basic.20200803T181746Z.csv
NEON.D01.BART.DP1.00006.001.000.060.030.SECPRE_30min.2020-08.basic.20200902T133545Z.csv,NEON.D01.BART.DP1.00006.001.001.000.030.THRPRE_30min.2020-08.basic.20200902T133545Z.csv
NEON.D01.BART.DP1.00006.001.000.060.030.SECPRE_30min.2020-09.basic.20201006T175947Z.csv,NEON.D01.BART.DP1.00006.001.001.000.030.THRPRE_30min.2020-09.basic.20201006T175947Z.csv
NEON.D01.BART.DP1.00006.001.000.060.030.SECPRE_30min.2020-10.basic.20210324T145100Z.csv,NEON.D01.BART.DP1.00006.001.001.000.030.THRPRE_30min.2020-10.basic.20210324T145100Z.csv
NEON.D01.BART.DP1.00006.001.000.060.030.SECPRE_30min.2020-11.basic.20211020T144328Z.csv,NEON.D01.BART.DP1.00006.001.001.000.030.THRPRE_30min.2020-11.basic.20211020T144328Z.csv
NEON.D01.BART.DP1.00006.001.000.060.030.SECPRE_30min.2020-12.basic.20211020T144510Z.csv,NEON.D01.BART.DP1.00006.001.001.000.030.THRPRE_30min.2020-12.basic.20211020T144510Z.csv
NEON.D01.HARV.DP1.00006.001.000.060.030.SECPRE_30min.2020-01.basic.20201016T011410Z.csv,NEON.D01.HARV.DP1.00006.001.001.000.030.THRPRE_30min.2020-01.basic.20201016T011410Z.csv
NEON.D01.HARV.DP1.00006.001.000.060.030.SECPRE_30min.2020-02.basic.20201016T011344Z.csv,NEON.D01.HARV.DP1.00006.001.001.000.030.THRPRE_30min.2020-02.basic.20201016T011344Z.csv
NEON.D01.HARV.DP1.00006.001.000.060.030.SECPRE_30min.2020-03.basic.20200703T202530Z.csv,NEON.D01.HARV.DP1.00006.001.001.000.030.THRPRE_30min.2020-03.basic.20200703T202530Z.csv
NEON.D01.HARV.DP1.00006.001.000.060.030.SECPRE_30min.2020-04.basic.20200704T015037Z.csv,NEON.D01.HARV.DP1.00006.001.001.000.030.THRPRE_30min.2020-04.basic.20200704T015037Z.csv
NEON.D01.HARV.DP1.00006.001.000.060.030.SECPRE_30min.2020-05.basic.20200704T030023Z.csv,NEON.D01.HARV.DP1.00006.001.001.000.030.THRPRE_30min.2020-05.basic.20200704T030023Z.csv
NEON.D01.HARV.DP1.00006.001.000.060.030.SECPRE_30min.2020-06.basic.20200728T150146Z.csv,NEON.D01.HARV.DP1.00006.001.001.000.030.THRPRE_30min.2020-06.basic.20200728T150146Z.csv
NEON.D01.HARV.DP1.00006.001.000.060.030.SECPRE_30min.2020-07.basic.20200803T185444Z.csv,NEON.D01.HARV.DP1.00006.001.001.000.030.THRPRE_30min.2020-07.basic.20200803T185444Z.csv
NEON.D01.HARV.DP1.00006.001.000.060.030.SECPRE_30min.2020-08.basic.20200902T143048Z.csv,NEON.D01.HARV.DP1.00006.001.001.000.030.THRPRE_30min.2020-08.basic.20200902T143048Z.csv
NEON.D01.HARV.DP1.00006.001.000.060.030.SECPRE_30min.2020-09.basic.20201006T173716Z.csv,NEON.D01.HARV.DP1.00006.001.001.000.030.THRPRE_30min.2020-09.basic.20201006T173716Z.csv
NEON.D01.HARV.DP1.00006.001.000.060.030.SECPRE_30min.2020-10.basic.20210315T172948Z.csv,NEON.D01.HARV.DP1.00006.001.001.000.030.THRPRE_30min.2020-10.basic.20210315T172948Z.csv
NEON.D01.HARV.DP1.00006.001.000.060.030.SECPRE_30min.2020-11.basic.20210315T173624Z.csv,NEON.D01.HARV.DP1.00006.001.001.000.030.THRPRE_30min.2020-11.basic.20210315T173624Z.csv
NEON.D01.HARV.DP1.00006.001.000.060.030.SECPRE_30min.2020-12.basic.20210315T173142Z.csv,NEON.D01.HARV.DP1.00006.001.001.000.030.THRPRE_30min.2020-12.basic.20210315T173142Z.csv
NEON.D02.BLAN.DP1.00006.001.000.040.030.SECPRE_30min.2020-01.basic.20201016T010329Z.csv,NEON.D02.BLAN.DP1.00006.001.001.000.030.THRPRE_30min.2020-01.basic.20201016T010329Z.csv
NEON.D02.BLAN.DP1.00006.001.000.040.030.SECPRE_30min.2020-02.basic.20201016T005346Z.csv,NEON.D02.BLAN.DP1.00006.001.001.000.030.THRPRE_30min.2020-02.basic.20201016T005346Z.csv
NEON.D02.BLAN.DP1.00006.001.000.040.030.SECPRE_30min.2020-03.basic.20200703T192903Z.csv,NEON.D02.BLAN.DP1.00006.001.001.000.030.THRPRE_30min.2020-03.basic.20200703T192903Z.csv
NEON.D02.BLAN.DP1.00006.001.000.040.030.SECPRE_30min.2020-04.basic.20200703T213642Z.csv,NEON.D02.BLAN.DP1.00006.001.001.000.030.THRPRE_30min.2020-04.basic.20200703T213642Z.csv
NEON.D02.BLAN.DP1.00006.001.000.040.030.SECPRE_30min.2020-05.basic.20200704T005403Z.csv,NEON.D02.BLAN.DP1.00006.001.001.000.030.THRPRE_30min.2020-05.basic.20200704T005403Z.csv
NEON.D02.BLAN.DP1.00006.001.000.040.030.SECPRE_30min.2020-06.basic.20200728T150109Z.csv,NEON.D02.BLAN.DP1.00006.001.001.000.030.THRPRE_30min.2020-06.basic.20200728T150109Z.csv
NEON.D02.BLAN.DP1.00006.001.000.040.030.SECPRE_30min.2020-07.basic.20210329T204318Z.csv,NEON.D02.BLAN.DP1.00006.001.001.000.030.THRPRE_30min.2020-07.basic.20210329T204318Z.csv
NEON.D02.BLAN.DP1.00006.001.000.040.030.SECPRE_30min.2020-08.basic.20210329T203721Z.csv,NEON.D02.BLAN.DP1.00006.001.001.000.030.THRPRE_30min.2020-08.basic.20210329T203721Z.csv
NEON.D02.BLAN.DP1.00006.001.000.040.030.SECPRE_30min.2020-09.basic.20210329T203813Z.csv,NEON.D02.BLAN.DP1.00006.001.001.000.030.THRPRE_30min.2020-09.basic.20210329T203813Z.csv
NEON.D02.BLAN.DP1.00006.001.000.040.030.SECPRE_30min.2020-10.basic.20210329T203900Z.csv,NEON.D02.BLAN.DP1.00006.001.001.000.030.THRPRE_30min.2020-10.basic.20210329T203900Z.csv
NEON.D02.BLAN.DP1.00006.001.000.040.030.SECPRE_30min.2020-11.basic.20210329T203850Z.csv,NEON.D02.BLAN.DP1.00006.001.001.000.030.THRPRE_30min.2020-11.basic.20210329T203850Z.csv
NEON.D02.BLAN.DP1.00006.001.000.040.030.SECPRE_30min.2020-12.basic.20210329T203852Z.csv,NEON.D02.BLAN.DP1.00006.001.001.000.030.THRPRE_30min.2020-12.basic.20210329T203852Z.csv
NEON.D02.SCBI.DP1.00006.001.000.060.030.SECPRE_30min.2020-01.basic.20201016T011842Z.csv,NEON.D02.SCBI.DP1.00006.001.001.000.030.THRPRE_30min.2020-01.basic.20201016T011842Z.csv
NEON.D02.SCBI.DP1.00006.001.000.060.030.SECPRE_30min.2020-02.basic.20201016T005620Z.csv,NEON.D02.SCBI.DP1.00006.001.001.000.030.THRPRE_30min.2020-02.basic.20201016T005620Z.csv
NEON.D02.SCBI.DP1.00006.001.000.060.030.SECPRE_30min.2020-03.basic.20200704T043357Z.csv,NEON.D02.SCBI.DP1.00006.001.001.000.030.THRPRE_30min.2020-03.basic.20200704T043357Z.csv
NEON.D02.SCBI.DP1.00006.001.000.060.030.SECPRE_30min.2020-04.basic.20200703T224055Z.csv,NEON.D02.SCBI.DP1.00006.001.001.000.030.THRPRE_30min.2020-04.basic.20200703T224055Z.csv
NEON.D02.SCBI.DP1.00006.001.000.060.030.SECPRE_30min.2020-05.basic.20200703T235527Z.csv,NEON.D02.SCBI.DP1.00006.001.001.000.030.THRPRE_30min.2020-05.basic.20200703T235527Z.csv
NEON.D02.SCBI.DP1.00006.001.000.060.030.SECPRE_30min.2020-06.basic.20200728T150224Z.csv,NEON.D02.SCBI.DP1.00006.001.001.000.030.THRPRE_30min.2020-06.basic.20200728T150224Z.csv
NEON.D02.SCBI.DP1.00006.001.000.060.030.SECPRE_30min.2020-07.basic.20210513T203440Z.csv,NEON.D02.SCBI.DP1.00006.001.001.000.030.THRPRE_30min.2020-07.basic.20210513T203440Z.csv
NEON.D02.SCBI.DP1.00006.001.000.060.030.SECPRE_30min.2020-08.basic.20210513T203551Z.csv,NEON.D02.SCBI.DP1.00006.001.001.000.030.THRPRE_30min.2020-08.basic.20210513T203551Z.csv
NEON.D02.SCBI.DP1.00006.001.000.060.030.SECPRE_30min.2020-09.basic.20210513T203803Z.csv,NEON.D02.SCBI.DP1.00006.001.001.000.030.THRPRE_30min.2020-09.basic.20210513T203803Z.csv
NEON.D02.SCBI.DP1.00006.001.000.060.030.SECPRE_30min.2020-10.basic.20210513T203737Z.csv,NEON.D02.SCBI.DP1.00006.001.001.000.030.THRPRE_30min.2020-10.basic.20210513T203737Z.csv
NEON.D02.SCBI.DP1.00006.001.000.060.030.SECPRE_30min.2020-11.basic.20210513T203214Z.csv,NEON.D02.SCBI.DP1.00006.001.001.000.030.THRPRE_30min.2020-11.basic.20210513T203214Z.csv
NEON.D02.SCBI.DP1.00006.001.000.060.030.SECPRE_30min.2020-12.basic.20210513T203511Z.csv,NEON.D02.SCBI.DP1.00006.001.001.000.030.THRPRE_30min.2020-12.basic.20210513T203511Z.csv
NEON.D02.SERC.DP1.00006.001.000.060.030.SECPRE_30min.2020-01.basic.20201016T010736Z.csv,NEON.D02.SERC.DP1.00006.001.001.000.030.THRPRE_30min.2020-01.basic.20201016T010736Z.csv
NEON.D02.SERC.DP1.00006.001.000.060.030.SECPRE_30min.2020-02.basic.20201016T005552Z.csv,NEON.D02.SERC.DP1.00006.001.001.000.030.THRPRE_30min.2020-02.basic.20201016T005552Z.csv
NEON.D02.SERC.DP1.00006.001.000.060.030.SECPRE_30min.2020-03.basic.20200704T051232Z.csv,NEON.D02.SERC.DP1.00006.001.001.000.030.THRPRE_30min.2020-03.basic.20200704T051232Z.csv
NEON.D02.SERC.DP1.00006.001.000.060.030.SECPRE_30min.2020-04.basic.20200703T230923Z.csv,NEON.D02.SERC.DP1.00006.001.001.000.030.THRPRE_30min.2020-04.basic.20200703T230923Z.csv
NEON.D02.SERC.DP1.00006.001.000.060.030.SECPRE_30min.2020-05.basic.20200704T005827Z.csv,NEON.D02.SERC.DP1.00006.001.001.000.030.THRPRE_30min.2020-05.basic.20200704T005827Z.csv
NEON.D02.SERC.DP1.00006.001.000.060.030.SECPRE_30min.2020-06.basic.20200728T150104Z.csv,NEON.D02.SERC.DP1.00006.001.001.000.030.THRPRE_30min.2020-06.basic.20200728T150104Z.csv
NEON.D02.SERC.DP1.00006.001.000.060.030.SECPRE_30min.2020-07.basic.20200803T182415Z.csv,NEON.D02.SERC.DP1.00006.001.001.000.030.THRPRE_30min.2020-07.basic.20200803T182415Z.csv
NEON.D02.SERC.DP1.00006.001.000.060.030.SECPRE_30min.2020-08.basic.20200902T142121Z.csv,NEON.D02.SERC.DP1.00006.001.001.000.030.THRPRE_30min.2020-08.basic.20200902T142121Z.csv
NEON.D02.SERC.DP1.00006.001.000.060.030.SECPRE_30min.2020-09.basic.20201006T180959Z.csv,NEON.D02.SERC.DP1.00006.001.001.000.030.THRPRE_30min.2020-09.basic.20201006T180959Z.csv
NEON.D02.SERC.DP1.00006.001.000.060.030.SECPRE_30min.2020-10.basic.20210319T190749Z.csv,NEON.D02.SERC.DP1.00006.001.001.000.030.THRPRE_30min.2020-10.basic.20210319T190749Z.csv
NEON.D02.SERC.DP1.00006.001.000.060.030.SECPRE_30min.2020-11.basic.20210319T190315Z.csv,NEON.D02.SERC.DP1.00006.001.001.000.030.THRPRE_30min.2020-11.basic.20210319T190315Z.csv
NEON.D02.SERC.DP1.00006.001.000.060.030.SECPRE_30min.2020-12.basic.20210319T183328Z.csv,NEON.D02.SERC.DP1.00006.001.001.000.030.THRPRE_30min.2020-12.basic.20210319T183328Z.csv
NEON.D03.DSNY.DP1.00006.001.000.040.030.SECPRE_30min.2020-01.basic.20201016T010008Z.csv,NEON.D03.DSNY.DP1.00006.001.001.000.030.THRPRE_30min.2020-01.basic.20201016T010008Z.csv
NEON.D03.DSNY.DP1.00006.001.000.040.030.SECPRE_30min.2020-02.basic.20201016T005637Z.csv,NEON.D03.DSNY.DP1.00006.001.001.000.030.THRPRE_30min.2020-02.basic.20201016T005637Z.csv
NEON.D03.DSNY.DP1.00006.001.000.040.030.SECPRE_30min.2020-03.basic.20200704T044549Z.csv,NEON.D03.DSNY.DP1.00006.001.001.000.030.THRPRE_30min.2020-03.basic.20200704T044549Z.csv
NEON.D03.DSNY.DP1.00006.001.000.040.030.SECPRE_30min.2020-04.basic.20200703T225034Z.csv,NEON.D03.DSNY.DP1.00006.001.001.000.030.THRPRE_30min.2020-04.basic.20200703T225034Z.csv
NEON.D03.DSNY.DP1.00006.001.000.040.030.SECPRE_30min.2020-05.basic.20200704T020132Z.csv,NEON.D03.DSNY.DP1.00006.001.001.000.030.THRPRE_30min.2020-05.basic.20200704T020132Z.csv
NEON.D03.DSNY.DP1.00006.001.000.040.030.SECPRE_30min.2020-06.basic.20200728T150028Z.csv,NEON.D03.DSNY.DP1.00006.001.001.000.030.THRPRE_30min.2020-06.basic.20200728T150028Z.csv
NEON.D03.DSNY.DP1.00006.001.000.040.030.SECPRE_30min.2020-07.basic.20201016T010709Z.csv,NEON.D03.DSNY.DP1.00006.001.001.000.030.THRPRE_30min.2020-07.basic.20201016T010709Z.csv
NEON.D03.DSNY.DP1.00006.001.000.040.030.SECPRE_30min.2020-08.basic.20201016T005909Z.csv,NEON.D03.DSNY.DP1.00006.001.001.000.030.THRPRE_30min.2020-08.basic.20201016T005909Z.csv
NEON.D03.DSNY.DP1.00006.001.000.040.030.SECPRE_30min.2020-09.basic.20201016T005925Z.csv,NEON.D03.DSNY.DP1.00006.001.001.000.030.THRPRE_30min.2020-09.basic.20201016T005925Z.csv
NEON.D03.DSNY.DP1.00006.001.000.040.030.SECPRE_30min.2020-10.basic.20210319T165834Z.csv,NEON.D03.DSNY.DP1.00006.001.001.000.030.THRPRE_30min.2020-10.basic.20210319T165834Z.csv
NEON.D03.DSNY.DP1.00006.001.000.040.030.SECPRE_30min.2020-11.basic.20210319T165611Z.csv,NEON.D03.DSNY.DP1.00006.001.001.000.030.THRPRE_30min.2020-11.basic.20210319T165611Z.csv
NEON.D03.DSNY.DP1.00006.001.000.040.030.SECPRE_30min.2020-12.basic.20210319T165602Z.csv,NEON.D03.DSNY.DP1.00006.001.001.000.030.THRPRE_30min.2020-12.basic.20210319T165602Z.csv
NEON.D03.JERC.DP1.00006.001.000.060.030.SECPRE_30min.2020-01.basic.20201016T010651Z.csv,NEON.D03.JERC.DP1.00006.001.001.000.030.THRPRE_30min.2020-01.basic.20201016T010651Z.csv
NEON.D03.JERC.DP1.00006.001.000.060.030.SECPRE_30min.2020-02.basic.20201016T010212Z.csv,NEON.D03.JERC.DP1.00006.001.001.000.030.THRPRE_30min.2020-02.basic.20201016T010212Z.csv
NEON.D03.JERC.DP1.00006.001.000.060.030.SECPRE_30min.2020-03.basic.20200704T020745Z.csv,NEON.D03.JERC.DP1.00006.001.001.000.030.THRPRE_30min.2020-03.basic.20200704T020745Z.csv
NEON.D03.JERC.DP1.00006.001.000.060.030.SECPRE_30min.2020-04.basic.20200703T222120Z.csv,NEON.D03.JERC.DP1.00006.001.001.000.030.THRPRE_30min.2020-04.basic.20200703T222120Z.csv
NEON.D03.JERC.DP1.00006.001.000.060.030.SECPRE_30min.2020-05.basic.20200703T234751Z.csv,NEON.D03.JERC.DP1.00006.001.001.000.030.THRPRE_30min.2020-05.basic.20200703T234751Z.csv
NEON.D03.JERC.DP1.00006.001.000.060.030.SECPRE_30min.2020-06.basic.20200728T150043Z.csv,NEON.D03.JERC.DP1.00006.001.001.000.030.THRPRE_30min.2020-06.basic.20200728T150043Z.csv
NEON.D03.JERC.DP1.00006.001.000.060.030.SECPRE_30min.2020-07.basic.20200803T174338Z.csv,NEON.D03.JERC.DP1.00006.001.001.000.030.THRPRE_30min.2020-07.basic.20200803T174338Z.csv
NEON.D03.JERC.DP1.00006.001.000.060.030.SECPRE_30min.2020-08.basic.20201120T135023Z.csv,NEON.D03.JERC.DP1.00006.001.001.000.030.THRPRE_30min.2020-08.basic.20201120T135023Z.csv
NEON.D03.JERC.DP1.00006.001.000.060.030.SECPRE_30min.2020-09.basic.20201120T134955Z.csv,NEON.D03.JERC.DP1.00006.001.001.000.030.THRPRE_30min.2020-09.basic.20201120T134955Z.csv
NEON.D03.JERC.DP1.00006.001.000.060.030.SECPRE_30min.2020-10.basic.20210319T165640Z.csv,NEON.D03.JERC.DP1.00006.001.001.000.030.THRPRE_30min.2020-10.basic.20210319T165640Z.csv
NEON.D03.JERC.DP1.00006.001.000.060.030.SECPRE_30min.2020-11.basic.20210319T165035Z.csv,NEON.D03.JERC.DP1.00006.001.001.000.030.THRPRE_30min.2020-11.basic.20210319T165035Z.csv
NEON.D03.JERC.DP1.00006.001.000.060.030.SECPRE_30min.2020-12.basic.20210319T165027Z.csv,NEON.D03.JERC.DP1.00006.001.001.000.030.THRPRE_30min.2020-12.basic.20210319T165027Z.csv
NEON.D03.OSBS.DP1.00006.001.000.060.030.SECPRE_30min.2020-01.basic.20201016T011519Z.csv,NEON.D03.OSBS.DP1.00006.001.001.000.030.THRPRE_30min.2020-01.basic.20201016T011519Z.csv
NEON.D03.OSBS.DP1.00006.001.000.060.030.SECPRE_30min.2020-02.basic.20201016T011013Z.csv,NEON.D03.OSBS.DP1.00006.001.001.000.030.THRPRE_30min.2020-02.basic.20201016T011013Z.csv
NEON.D03.OSBS.DP1.00006.001.000.060.030.SECPRE_30min.2020-03.basic.20200704T034227Z.csv,NEON.D03.OSBS.DP1.00006.001.001.000.030.THRPRE_30min.2020-03.basic.20200704T034227Z.csv
NEON.D03.OSBS.DP1.00006.001.000.060.030.SECPRE_30min.2020-04.basic.20200703T223311Z.csv,NEON.D03.OSBS.DP1.00006.001.001.000.030.THRPRE_30min.2020-04.basic.20200703T223311Z.csv
NEON.D03.OSBS.DP1.00006.001.000.060.030.SECPRE_30min.2020-05.basic.20200703T222126Z.csv,NEON.D03.OSBS.DP1.00006.001.001.000.030.THRPRE_30min.2020-05.basic.20200703T222126Z.csv
NEON.D03.OSBS.DP1.00006.001.000.060.030.SECPRE_30min.2020-06.basic.20200728T150120Z.csv,NEON.D03.OSBS.DP1.00006.001.001.000.030.THRPRE_30min.2020-06.basic.20200728T150120Z.csv
NEON.D03.OSBS.DP1.00006.001.000.060.030.SECPRE_30min.2020-07.basic.20200803T194642Z.csv,NEON.D03.OSBS.DP1.00006.001.001.000.030.THRPRE_30min.2020-07.basic.20200803T194642Z.csv
NEON.D03.OSBS.DP1.00006.001.000.060.030.SECPRE_30min.2020-08.basic.20201120T134955Z.csv,NEON.D03.OSBS.DP1.00006.001.001.000.030.THRPRE_30min.2020-08.basic.20201120T134955Z.csv
NEON.D03.OSBS.DP1.00006.001.000.060.030.SECPRE_30min.2020-09.basic.20201120T134955Z.csv,NEON.D03.OSBS.DP1.00006.001.001.000.030.THRPRE_30min.2020-09.basic.20201120T134955Z.csv
NEON.D03.OSBS.DP1.00006.001.000.060.030.SECPRE_30min.2020-10.basic.20210319T185804Z.csv,NEON.D03.OSBS.DP1.00006.001.001.000.030.THRPRE_30min.2020-10.basic.20210319T185804Z.csv
NEON.D03.OSBS.DP1.00006.001.000.060.030.SECPRE_30min.2020-11.basic.20210319T185747Z.csv,NEON.D03.OSBS.DP1.00006.001.001.000.030.THRPRE_30min.2020-11.basic.20210319T185747Z.csv
NEON.D03.OSBS.DP1.00006.001.000.060.030.SECPRE_30min.2020-12.basic.20210319T190118Z.csv,NEON.D03.OSBS.DP1.00006.001.001.000.030.THRPRE_30min.2020-12.basic.20210319T190118Z.csv
NEON.D04.GUAN.DP1.00006.001.000.050.030.SECPRE_30min.2020-01.basic.20201228T154525Z.csv,NEON.D04.GUAN.DP1.00006.001.001.000.030.THRPRE_30min.2020-01.basic.20201228T154525Z.csv
NEON.D04.GUAN.DP1.00006.001.000.050.030.SECPRE_30min.2020-02.basic.20201228T154525Z.csv,NEON.D04.GUAN.DP1.00006.001.001.000.030.THRPRE_30min.2020-02.basic.20201228T154525Z.csv
NEON.D04.GUAN.DP1.00006.001.000.050.030.SECPRE_30min.2020-03.basic.20201228T154525Z.csv,NEON.D04.GUAN.DP1.00006.001.000.050.030.SECPRE_30min.2020-03.basic.20201228T154525Z.csv
NEON.D04.GUAN.DP1.00006.001.000.050.030.SECPRE_30min.2020-04.basic.20201228T154525Z.csv,NEON.D04.GUAN.DP1.00006.001.001.000.030.THRPRE_30min.2020-04.basic.20201228T154525Z.csv
NEON.D04.GUAN.DP1.00006.001.000.050.030.SECPRE_30min.2020-05.basic.20201228T154525Z.csv,NEON.D04.GUAN.DP1.00006.001.001.000.030.THRPRE_30min.2020-05.basic.20201228T154525Z.csv
NEON.D04.GUAN.DP1.00006.001.000.050.030.SECPRE_30min.2020-06.basic.20201228T154525Z.csv,NEON.D04.GUAN.DP1.00006.001.001.000.030.THRPRE_30min.2020-06.basic.20201228T154525Z.csv
NEON.D04.GUAN.DP1.00006.001.000.050.030.SECPRE_30min.2020-07.basic.20201228T154531Z.csv,NEON.D04.GUAN.DP1.00006.001.001.000.030.THRPRE_30min.2020-07.basic.20201228T154531Z.csv
NEON.D04.GUAN.DP1.00006.001.000.050.030.SECPRE_30min.2020-08.basic.20201228T154553Z.csv,NEON.D04.GUAN.DP1.00006.001.001.000.030.THRPRE_30min.2020-08.basic.20201228T154553Z.csv
NEON.D04.GUAN.DP1.00006.001.000.050.030.SECPRE_30min.2020-09.basic.20201228T154553Z.csv,NEON.D04.GUAN.DP1.00006.001.001.000.030.THRPRE_30min.2020-09.basic.20201228T154553Z.csv
NEON.D04.GUAN.DP1.00006.001.000.050.030.SECPRE_30min.2020-10.basic.20210309T173751Z.csv,NEON.D04.GUAN.DP1.00006.001.001.000.030.THRPRE_30min.2020-10.basic.20210309T173751Z.csv
NEON.D04.GUAN.DP1.00006.001.000.050.030.SECPRE_30min.2020-11.basic.20210309T173635Z.csv,NEON.D04.GUAN.DP1.00006.001.001.000.030.THRPRE_30min.2020-11.basic.20210309T173635Z.csv
NEON.D04.GUAN.DP1.00006.001.000.050.030.SECPRE_30min.2020-12.basic.20210309T173630Z.csv,NEON.D04.GUAN.DP1.00006.001.001.000.030.THRPRE_30min.2020-12.basic.20210309T173630Z.csv
NEON.D05.STEI.DP1.00006.001.000.060.030.SECPRE_30min.2020-01.basic.20201016T011115Z.csv,NEON.D05.STEI.DP1.00006.001.001.000.030.THRPRE_30min.2020-01.basic.20201016T011115Z.csv
NEON.D05.STEI.DP1.00006.001.000.060.030.SECPRE_30min.2020-02.basic.20201016T005646Z.csv,NEON.D05.STEI.DP1.00006.001.001.000.030.THRPRE_30min.2020-02.basic.20201016T005646Z.csv
NEON.D05.STEI.DP1.00006.001.000.060.030.SECPRE_30min.2020-03.basic.20200703T200242Z.csv,NEON.D05.STEI.DP1.00006.001.001.000.030.THRPRE_30min.2020-03.basic.20200703T200242Z.csv
NEON.D05.STEI.DP1.00006.001.000.060.030.SECPRE_30min.2020-04.basic.20200703T210236Z.csv,NEON.D05.STEI.DP1.00006.001.001.000.030.THRPRE_30min.2020-04.basic.20200703T210236Z.csv
NEON.D05.STEI.DP1.00006.001.000.060.030.SECPRE_30min.2020-05.basic.20200704T001409Z.csv,NEON.D05.STEI.DP1.00006.001.001.000.030.THRPRE_30min.2020-05.basic.20200704T001409Z.csv
NEON.D05.STEI.DP1.00006.001.000.060.030.SECPRE_30min.2020-06.basic.20200728T150219Z.csv,NEON.D05.STEI.DP1.00006.001.001.000.030.THRPRE_30min.2020-06.basic.20200728T150219Z.csv
NEON.D05.STEI.DP1.00006.001.000.060.030.SECPRE_30min.2020-07.basic.20200803T173034Z.csv,NEON.D05.STEI.DP1.00006.001.001.000.030.THRPRE_30min.2020-07.basic.20200803T173034Z.csv
NEON.D05.STEI.DP1.00006.001.000.060.030.SECPRE_30min.2020-08.basic.20200902T125824Z.csv,NEON.D05.STEI.DP1.00006.001.001.000.030.THRPRE_30min.2020-08.basic.20200902T125824Z.csv
NEON.D05.STEI.DP1.00006.001.000.060.030.SECPRE_30min.2020-09.basic.20201006T174233Z.csv,NEON.D05.STEI.DP1.00006.001.001.000.030.THRPRE_30min.2020-09.basic.20201006T174233Z.csv
NEON.D05.STEI.DP1.00006.001.000.060.030.SECPRE_30min.2020-10.basic.20210319T183836Z.csv,NEON.D05.STEI.DP1.00006.001.001.000.030.THRPRE_30min.2020-10.basic.20210319T183836Z.csv
NEON.D05.STEI.DP1.00006.001.000.060.030.SECPRE_30min.2020-11.basic.20210319T183803Z.csv,NEON.D05.STEI.DP1.00006.001.001.000.030.THRPRE_30min.2020-11.basic.20210319T183803Z.csv
NEON.D05.STEI.DP1.00006.001.000.060.030.SECPRE_30min.2020-12.basic.20210319T183825Z.csv,NEON.D05.STEI.DP1.00006.001.001.000.030.THRPRE_30min.2020-12.basic.20210319T183825Z.csv
NEON.D05.TREE.DP1.00006.001.000.060.030.SECPRE_30min.2020-01.basic.20201016T011832Z.csv,NEON.D05.TREE.DP1.00006.001.001.000.030.THRPRE_30min.2020-01.basic.20201016T011832Z.csv
NEON.D05.TREE.DP1.00006.001.000.060.030.SECPRE_30min.2020-02.basic.20201016T005255Z.csv,NEON.D05.TREE.DP1.00006.001.001.000.030.THRPRE_30min.2020-02.basic.20201016T005255Z.csv
NEON.D05.TREE.DP1.00006.001.000.060.030.SECPRE_30min.2020-03.basic.20200704T042629Z.csv,NEON.D05.TREE.DP1.00006.001.001.000.030.THRPRE_30min.2020-03.basic.20200704T042629Z.csv
NEON.D05.TREE.DP1.00006.001.000.060.030.SECPRE_30min.2020-04.basic.20200704T003029Z.csv,NEON.D05.TREE.DP1.00006.001.001.000.030.THRPRE_30min.2020-04.basic.20200704T003029Z.csv
NEON.D05.TREE.DP1.00006.001.000.060.030.SECPRE_30min.2020-05.basic.20200703T235710Z.csv,NEON.D05.TREE.DP1.00006.001.001.000.030.THRPRE_30min.2020-05.basic.20200703T235710Z.csv
NEON.D05.TREE.DP1.00006.001.000.060.030.SECPRE_30min.2020-06.basic.20200728T150122Z.csv,NEON.D05.TREE.DP1.00006.001.001.000.030.THRPRE_30min.2020-06.basic.20200728T150122Z.csv
NEON.D05.TREE.DP1.00006.001.000.060.030.SECPRE_30min.2020-07.basic.20200803T173904Z.csv,NEON.D05.TREE.DP1.00006.001.001.000.030.THRPRE_30min.2020-07.basic.20200803T173904Z.csv
NEON.D05.TREE.DP1.00006.001.000.060.030.SECPRE_30min.2020-08.basic.20200902T141743Z.csv,NEON.D05.TREE.DP1.00006.001.001.000.030.THRPRE_30min.2020-08.basic.20200902T141743Z.csv
NEON.D05.TREE.DP1.00006.001.000.060.030.SECPRE_30min.2020-09.basic.20201006T181918Z.csv,NEON.D05.TREE.DP1.00006.001.001.000.030.THRPRE_30min.2020-09.basic.20201006T181918Z.csv
NEON.D05.TREE.DP1.00006.001.000.060.030.SECPRE_30min.2020-10.basic.20210319T202819Z.csv,NEON.D05.TREE.DP1.00006.001.001.000.030.THRPRE_30min.2020-10.basic.20210319T202819Z.csv
NEON.D05.TREE.DP1.00006.001.000.060.030.SECPRE_30min.2020-11.basic.20210319T195718Z.csv,NEON.D05.TREE.DP1.00006.001.001.000.030.THRPRE_30min.2020-11.basic.20210319T195718Z.csv
NEON.D05.TREE.DP1.00006.001.000.060.030.SECPRE_30min.2020-12.basic.20210319T195603Z.csv,NEON.D05.TREE.DP1.00006.001.001.000.030.THRPRE_30min.2020-12.basic.20210319T195603Z.csv
NEON.D05.UNDE.DP1.00006.001.000.060.030.SECPRE_30min.2020-01.basic.20201016T010133Z.csv,NEON.D05.UNDE.DP1.00006.001.001.000.030.THRPRE_30min.2020-01.basic.20201016T010133Z.csv
NEON.D05.UNDE.DP1.00006.001.000.060.030.SECPRE_30min.2020-02.basic.20201016T005651Z.csv,NEON.D05.UNDE.DP1.00006.001.001.000.030.THRPRE_30min.2020-02.basic.20201016T005651Z.csv
NEON.D05.UNDE.DP1.00006.001.000.060.030.SECPRE_30min.2020-03.basic.20200703T201858Z.csv,NEON.D05.UNDE.DP1.00006.001.001.000.030.THRPRE_30min.2020-03.basic.20200703T201858Z.csv
NEON.D05.UNDE.DP1.00006.001.000.060.030.SECPRE_30min.2020-04.basic.20200703T215753Z.csv,NEON.D05.UNDE.DP1.00006.001.001.000.030.THRPRE_30min.2020-04.basic.20200703T215753Z.csv
NEON.D05.UNDE.DP1.00006.001.000.060.030.SECPRE_30min.2020-05.basic.20200704T032126Z.csv,NEON.D05.UNDE.DP1.00006.001.001.000.030.THRPRE_30min.2020-05.basic.20200704T032126Z.csv
NEON.D05.UNDE.DP1.00006.001.000.060.030.SECPRE_30min.2020-06.basic.20200728T150042Z.csv,NEON.D05.UNDE.DP1.00006.001.001.000.030.THRPRE_30min.2020-06.basic.20200728T150042Z.csv
NEON.D05.UNDE.DP1.00006.001.000.060.030.SECPRE_30min.2020-07.basic.20200803T181934Z.csv,NEON.D05.UNDE.DP1.00006.001.001.000.030.THRPRE_30min.2020-07.basic.20200803T181934Z.csv
NEON.D05.UNDE.DP1.00006.001.000.060.030.SECPRE_30min.2020-08.basic.20200902T150119Z.csv,NEON.D05.UNDE.DP1.00006.001.001.000.030.THRPRE_30min.2020-08.basic.20200902T150119Z.csv
NEON.D05.UNDE.DP1.00006.001.000.060.030.SECPRE_30min.2020-09.basic.20201006T181338Z.csv,NEON.D05.UNDE.DP1.00006.001.001.000.030.THRPRE_30min.2020-09.basic.20201006T181338Z.csv
NEON.D05.UNDE.DP1.00006.001.000.060.030.SECPRE_30min.2020-10.basic.20210319T203351Z.csv,NEON.D05.UNDE.DP1.00006.001.001.000.030.THRPRE_30min.2020-10.basic.20210319T203351Z.csv
NEON.D05.UNDE.DP1.00006.001.000.060.030.SECPRE_30min.2020-11.basic.20210319T203023Z.csv,NEON.D05.UNDE.DP1.00006.001.001.000.030.THRPRE_30min.2020-11.basic.20210319T203023Z.csv
NEON.D05.UNDE.DP1.00006.001.000.060.030.SECPRE_30min.2020-12.basic.20210319T202433Z.csv,NEON.D05.UNDE.DP1.00006.001.001.000.030.THRPRE_30min.2020-12.basic.20210319T202433Z.csv
NEON.D06.KONZ.DP1.00006.001.900.000.030.PRIPRE_30min.2020-01.basic.20201016T011458Z.csv,NEON.D06.KONZ.DP1.00006.001.001.000.030.THRPRE_30min.2020-01.basic.20201016T011458Z.csv
NEON.D06.KONZ.DP1.00006.001.900.000.030.PRIPRE_30min.2020-02.basic.20201016T010722Z.csv,NEON.D06.KONZ.DP1.00006.001.001.000.030.THRPRE_30min.2020-02.basic.20201016T010722Z.csv
NEON.D06.KONZ.DP1.00006.001.900.000.030.PRIPRE_30min.2020-03.basic.20200704T021424Z.csv,NEON.D06.KONZ.DP1.00006.001.001.000.030.THRPRE_30min.2020-03.basic.20200704T021424Z.csv
NEON.D06.KONZ.DP1.00006.001.900.000.030.PRIPRE_30min.2020-04.basic.20200703T222739Z.csv,NEON.D06.KONZ.DP1.00006.001.001.000.030.THRPRE_30min.2020-04.basic.20200703T222739Z.csv
NEON.D06.KONZ.DP1.00006.001.900.000.030.PRIPRE_30min.2020-05.basic.20200703T235402Z.csv,NEON.D06.KONZ.DP1.00006.001.001.000.030.THRPRE_30min.2020-05.basic.20200703T235402Z.csv
NEON.D06.KONZ.DP1.00006.001.900.000.030.PRIPRE_30min.2020-06.basic.20200728T150232Z.csv,NEON.D06.KONZ.DP1.00006.001.001.000.030.THRPRE_30min.2020-06.basic.20200728T150232Z.csv
NEON.D06.KONZ.DP1.00006.001.900.000.030.PRIPRE_30min.2020-07.basic.20200824T124829Z.csv,NEON.D06.KONZ.DP1.00006.001.001.000.030.THRPRE_30min.2020-07.basic.20200824T124829Z.csv
NEON.D06.KONZ.DP1.00006.001.900.000.030.PRIPRE_30min.2020-08.basic.20200902T145342Z.csv,NEON.D06.KONZ.DP1.00006.001.001.000.030.THRPRE_30min.2020-08.basic.20200902T145342Z.csv
NEON.D06.KONZ.DP1.00006.001.900.000.030.PRIPRE_30min.2020-09.basic.20201006T165941Z.csv,NEON.D06.KONZ.DP1.00006.001.001.000.030.THRPRE_30min.2020-09.basic.20201006T165941Z.csv
NEON.D06.KONZ.DP1.00006.001.900.000.030.PRIPRE_30min.2020-10.basic.20210312T202120Z.csv,NEON.D06.KONZ.DP1.00006.001.001.000.030.THRPRE_30min.2020-10.basic.20210312T202120Z.csv
NEON.D06.KONZ.DP1.00006.001.900.000.030.PRIPRE_30min.2020-11.basic.20210312T195006Z.csv,NEON.D06.KONZ.DP1.00006.001.001.000.030.THRPRE_30min.2020-11.basic.20210312T195006Z.csv
NEON.D06.KONZ.DP1.00006.001.900.000.030.PRIPRE_30min.2020-12.basic.20210312T194451Z.csv,NEON.D06.KONZ.DP1.00006.001.001.000.030.THRPRE_30min.2020-12.basic.20210312T194451Z.csv
NEON.D06.UKFS.DP1.00006.001.000.060.030.SECPRE_30min.2020-01.basic.20201016T005310Z.csv,NEON.D06.UKFS.DP1.00006.001.001.000.030.THRPRE_30min.2020-01.basic.20201016T005310Z.csv
NEON.D06.UKFS.DP1.00006.001.000.060.030.SECPRE_30min.2020-02.basic.20201016T010620Z.csv,NEON.D06.UKFS.DP1.00006.001.001.000.030.THRPRE_30min.2020-02.basic.20201016T010620Z.csv
NEON.D06.UKFS.DP1.00006.001.000.060.030.SECPRE_30min.2020-03.basic.20200704T050850Z.csv,NEON.D06.UKFS.DP1.00006.001.001.000.030.THRPRE_30min.2020-03.basic.20200704T050850Z.csv
NEON.D06.UKFS.DP1.00006.001.000.060.030.SECPRE_30min.2020-04.basic.20200704T010122Z.csv,NEON.D06.UKFS.DP1.00006.001.001.000.030.THRPRE_30min.2020-04.basic.20200704T010122Z.csv
NEON.D06.UKFS.DP1.00006.001.000.060.030.SECPRE_30min.2020-05.basic.20200704T003249Z.csv,NEON.D06.UKFS.DP1.00006.001.001.000.030.THRPRE_30min.2020-05.basic.20200704T003249Z.csv
NEON.D06.UKFS.DP1.00006.001.000.060.030.SECPRE_30min.2020-06.basic.20200728T150210Z.csv,NEON.D06.UKFS.DP1.00006.001.001.000.030.THRPRE_30min.2020-06.basic.20200728T150210Z.csv
NEON.D06.UKFS.DP1.00006.001.000.060.030.SECPRE_30min.2020-07.basic.20200803T183145Z.csv,NEON.D06.UKFS.DP1.00006.001.001.000.030.THRPRE_30min.2020-07.basic.20200803T183145Z.csv
NEON.D06.UKFS.DP1.00006.001.000.060.030.SECPRE_30min.2020-08.basic.20200902T145514Z.csv,NEON.D06.UKFS.DP1.00006.001.001.000.030.THRPRE_30min.2020-08.basic.20200902T145514Z.csv
NEON.D06.UKFS.DP1.00006.001.000.060.030.SECPRE_30min.2020-09.basic.20201006T183409Z.csv,NEON.D06.UKFS.DP1.00006.001.001.000.030.THRPRE_30min.2020-09.basic.20201006T183409Z.csv
NEON.D06.UKFS.DP1.00006.001.000.060.030.SECPRE_30min.2020-10.basic.20210319T201226Z.csv,NEON.D06.UKFS.DP1.00006.001.001.000.030.THRPRE_30min.2020-10.basic.20210319T201226Z.csv
NEON.D06.UKFS.DP1.00006.001.000.060.030.SECPRE_30min.2020-11.basic.20210319T201531Z.csv,NEON.D06.UKFS.DP1.00006.001.001.000.030.THRPRE_30min.2020-11.basic.20210319T201531Z.csv
NEON.D06.UKFS.DP1.00006.001.000.060.030.SECPRE_30min.2020-12.basic.20210319T201014Z.csv,NEON.D06.UKFS.DP1.00006.001.001.000.030.THRPRE_30min.2020-12.basic.20210319T201014Z.csv
NEON.D07.GRSM.DP1.00006.001.000.060.030.SECPRE_30min.2020-01.basic.20201016T010605Z.csv,NEON.D07.GRSM.DP1.00006.001.001.000.030.THRPRE_30min.2020-01.basic.20201016T010605Z.csv
NEON.D07.GRSM.DP1.00006.001.000.060.030.SECPRE_30min.2020-02.basic.20201016T010212Z.csv,NEON.D07.GRSM.DP1.00006.001.001.000.030.THRPRE_30min.2020-02.basic.20201016T010212Z.csv
NEON.D07.GRSM.DP1.00006.001.000.060.030.SECPRE_30min.2020-03.basic.20200704T042127Z.csv,NEON.D07.GRSM.DP1.00006.001.001.000.030.THRPRE_30min.2020-03.basic.20200704T042127Z.csv
NEON.D07.GRSM.DP1.00006.001.000.060.030.SECPRE_30min.2020-04.basic.20200703T230833Z.csv,NEON.D07.GRSM.DP1.00006.001.001.000.030.THRPRE_30min.2020-04.basic.20200703T230833Z.csv
NEON.D07.GRSM.DP1.00006.001.000.060.030.SECPRE_30min.2020-05.basic.20200703T231605Z.csv,NEON.D07.GRSM.DP1.00006.001.001.000.030.THRPRE_30min.2020-05.basic.20200703T231605Z.csv
NEON.D07.GRSM.DP1.00006.001.000.060.030.SECPRE_30min.2020-06.basic.20200728T150057Z.csv,NEON.D07.GRSM.DP1.00006.001.001.000.030.THRPRE_30min.2020-06.basic.20200728T150057Z.csv
NEON.D07.GRSM.DP1.00006.001.000.060.030.SECPRE_30min.2020-07.basic.20200803T202623Z.csv,NEON.D07.GRSM.DP1.00006.001.001.000.030.THRPRE_30min.2020-07.basic.20200803T202623Z.csv
NEON.D07.GRSM.DP1.00006.001.000.060.030.SECPRE_30min.2020-08.basic.20200902T130117Z.csv,NEON.D07.GRSM.DP1.00006.001.001.000.030.THRPRE_30min.2020-08.basic.20200902T130117Z.csv
NEON.D07.GRSM.DP1.00006.001.000.060.030.SECPRE_30min.2020-09.basic.20201006T173749Z.csv,NEON.D07.GRSM.DP1.00006.001.001.000.030.THRPRE_30min.2020-09.basic.20201006T173749Z.csv
NEON.D07.GRSM.DP1.00006.001.000.060.030.SECPRE_30min.2020-10.basic.20210324T151102Z.csv,NEON.D07.GRSM.DP1.00006.001.001.000.030.THRPRE_30min.2020-10.basic.20210324T151102Z.csv
NEON.D07.GRSM.DP1.00006.001.000.060.030.SECPRE_30min.2020-11.basic.20210324T160443Z.csv,NEON.D07.GRSM.DP1.00006.001.001.000.030.THRPRE_30min.2020-11.basic.20210324T160443Z.csv
NEON.D07.GRSM.DP1.00006.001.000.060.030.SECPRE_30min.2020-12.basic.20210324T150848Z.csv,NEON.D07.GRSM.DP1.00006.001.001.000.030.THRPRE_30min.2020-12.basic.20210324T150848Z.csv
NEON.D07.MLBS.DP1.00006.001.000.060.030.SECPRE_30min.2020-01.basic.20201016T005241Z.csv,NEON.D07.MLBS.DP1.00006.001.001.000.030.THRPRE_30min.2020-01.basic.20201016T005241Z.csv
NEON.D07.MLBS.DP1.00006.001.000.060.030.SECPRE_30min.2020-02.basic.20201016T005615Z.csv,NEON.D07.MLBS.DP1.00006.001.001.000.030.THRPRE_30min.2020-02.basic.20201016T005615Z.csv
NEON.D07.MLBS.DP1.00006.001.000.060.030.SECPRE_30min.2020-03.basic.20200704T023018Z.csv,NEON.D07.MLBS.DP1.00006.001.001.000.030.THRPRE_30min.2020-03.basic.20200704T023018Z.csv
NEON.D07.MLBS.DP1.00006.001.000.060.030.SECPRE_30min.2020-04.basic.20200703T224510Z.csv,NEON.D07.MLBS.DP1.00006.001.001.000.030.THRPRE_30min.2020-04.basic.20200703T224510Z.csv
NEON.D07.MLBS.DP1.00006.001.000.060.030.SECPRE_30min.2020-05.basic.20200703T235719Z.csv,NEON.D07.MLBS.DP1.00006.001.001.000.030.THRPRE_30min.2020-05.basic.20200703T235719Z.csv
NEON.D07.MLBS.DP1.00006.001.000.060.030.SECPRE_30min.2020-06.basic.20200728T150028Z.csv,NEON.D07.MLBS.DP1.00006.001.001.000.030.THRPRE_30min.2020-06.basic.20200728T150028Z.csv
NEON.D07.MLBS.DP1.00006.001.000.060.030.SECPRE_30min.2020-07.basic.20200803T173021Z.csv,NEON.D07.MLBS.DP1.00006.001.001.000.030.THRPRE_30min.2020-07.basic.20200803T173021Z.csv
NEON.D07.MLBS.DP1.00006.001.000.060.030.SECPRE_30min.2020-08.basic.20200902T150428Z.csv,NEON.D07.MLBS.DP1.00006.001.002.000.030.THRPRE_30min.2020-08.basic.20200902T150428Z.csv
NEON.D07.MLBS.DP1.00006.001.000.060.030.SECPRE_30min.2020-09.basic.20201211T164133Z.csv,NEON.D07.MLBS.DP1.00006.001.001.000.030.THRPRE_30min.2020-09.basic.20201211T164133Z.csv
NEON.D07.MLBS.DP1.00006.001.000.060.030.SECPRE_30min.2020-10.basic.20210319T165148Z.csv,NEON.D07.MLBS.DP1.00006.001.001.000.030.THRPRE_30min.2020-10.basic.20210319T165148Z.csv
NEON.D07.MLBS.DP1.00006.001.000.060.030.SECPRE_30min.2020-11.basic.20210319T165917Z.csv,NEON.D07.MLBS.DP1.00006.001.001.000.030.THRPRE_30min.2020-11.basic.20210319T165917Z.csv
NEON.D07.MLBS.DP1.00006.001.000.060.030.SECPRE_30min.2020-12.basic.20210319T165647Z.csv,NEON.D07.MLBS.DP1.00006.001.001.000.030.THRPRE_30min.2020-12.basic.20210319T165647Z.csv
NEON.D07.ORNL.DP1.00006.001.000.060.030.SECPRE_30min.2020-01.basic.20201016T011110Z.csv,NEON.D07.ORNL.DP1.00006.001.001.000.030.THRPRE_30min.2020-01.basic.20201016T011110Z.csv
NEON.D07.ORNL.DP1.00006.001.000.060.030.SECPRE_30min.2020-02.basic.20201016T010437Z.csv,NEON.D07.ORNL.DP1.00006.001.001.000.030.THRPRE_30min.2020-02.basic.20201016T010437Z.csv
NEON.D07.ORNL.DP1.00006.001.000.060.030.SECPRE_30min.2020-03.basic.20200704T054837Z.csv,NEON.D07.ORNL.DP1.00006.001.001.000.030.THRPRE_30min.2020-03.basic.20200704T054837Z.csv
NEON.D07.ORNL.DP1.00006.001.000.060.030.SECPRE_30min.2020-04.basic.20200704T005021Z.csv,NEON.D07.ORNL.DP1.00006.001.001.000.030.THRPRE_30min.2020-04.basic.20200704T005021Z.csv
NEON.D07.ORNL.DP1.00006.001.000.060.030.SECPRE_30min.2020-05.basic.20200704T005651Z.csv,NEON.D07.ORNL.DP1.00006.001.001.000.030.THRPRE_30min.2020-05.basic.20200704T005651Z.csv
NEON.D07.ORNL.DP1.00006.001.000.060.030.SECPRE_30min.2020-06.basic.20200728T150049Z.csv,NEON.D07.ORNL.DP1.00006.001.001.000.030.THRPRE_30min.2020-06.basic.20200728T150049Z.csv
NEON.D07.ORNL.DP1.00006.001.000.060.030.SECPRE_30min.2020-07.basic.20200803T193145Z.csv,NEON.D07.ORNL.DP1.00006.001.001.000.030.THRPRE_30min.2020-07.basic.20200803T193145Z.csv
NEON.D07.ORNL.DP1.00006.001.000.060.030.SECPRE_30min.2020-08.basic.20200902T143047Z.csv,NEON.D07.ORNL.DP1.00006.001.001.000.030.THRPRE_30min.2020-08.basic.20200902T143047Z.csv
NEON.D07.ORNL.DP1.00006.001.000.060.030.SECPRE_30min.2020-09.basic.20201006T180007Z.csv,NEON.D07.ORNL.DP1.00006.001.001.000.030.THRPRE_30min.2020-09.basic.20201006T180007Z.csv
NEON.D07.ORNL.DP1.00006.001.000.060.030.SECPRE_30min.2020-10.basic.20210319T165708Z.csv,NEON.D07.ORNL.DP1.00006.001.001.000.030.THRPRE_30min.2020-10.basic.20210319T165708Z.csv
NEON.D07.ORNL.DP1.00006.001.000.060.030.SECPRE_30min.2020-11.basic.20210319T165658Z.csv,NEON.D07.ORNL.DP1.00006.001.001.000.030.THRPRE_30min.2020-11.basic.20210319T165658Z.csv
NEON.D07.ORNL.DP1.00006.001.000.060.030.SECPRE_30min.2020-12.basic.20210319T183727Z.csv,NEON.D07.ORNL.DP1.00006.001.001.000.030.THRPRE_30min.2020-12.basic.20210319T183727Z.csv
NEON.D08.DELA.DP1.00006.001.000.060.030.SECPRE_30min.2020-01.basic.20201228T154557Z.csv,NEON.D08.DELA.DP1.00006.001.001.000.030.THRPRE_30min.2020-01.basic.20201228T154557Z.csv
NEON.D08.DELA.DP1.00006.001.000.060.030.SECPRE_30min.2020-02.basic.20201228T154556Z.csv,NEON.D08.DELA.DP1.00006.001.001.000.030.THRPRE_30min.2020-02.basic.20201228T154556Z.csv
NEON.D08.DELA.DP1.00006.001.000.060.030.SECPRE_30min.2020-03.basic.20201228T154557Z.csv,NEON.D08.DELA.DP1.00006.001.001.000.030.THRPRE_30min.2020-03.basic.20201228T154557Z.csv
NEON.D08.DELA.DP1.00006.001.000.060.030.SECPRE_30min.2020-04.basic.20201228T154617Z.csv,NEON.D08.DELA.DP1.00006.001.001.000.030.THRPRE_30min.2020-04.basic.20201228T154617Z.csv
NEON.D08.DELA.DP1.00006.001.000.060.030.SECPRE_30min.2020-05.basic.20201228T154615Z.csv,NEON.D08.DELA.DP1.00006.001.001.000.030.THRPRE_30min.2020-05.basic.20201228T154615Z.csv
NEON.D08.DELA.DP1.00006.001.000.060.030.SECPRE_30min.2020-06.basic.20201228T154612Z.csv,NEON.D08.DELA.DP1.00006.001.001.000.030.THRPRE_30min.2020-06.basic.20201228T154612Z.csv
NEON.D08.DELA.DP1.00006.001.000.060.030.SECPRE_30min.2020-07.basic.20201228T154611Z.csv,NEON.D08.DELA.DP1.00006.001.001.000.030.THRPRE_30min.2020-07.basic.20201228T154611Z.csv
NEON.D08.DELA.DP1.00006.001.000.060.030.SECPRE_30min.2020-08.basic.20201228T154610Z.csv,NEON.D08.DELA.DP1.00006.001.001.000.030.THRPRE_30min.2020-08.basic.20201228T154610Z.csv
NEON.D08.DELA.DP1.00006.001.000.060.030.SECPRE_30min.2020-09.basic.20201228T154612Z.csv,NEON.D08.DELA.DP1.00006.001.001.000.030.THRPRE_30min.2020-09.basic.20201228T154612Z.csv
NEON.D08.DELA.DP1.00006.001.000.060.030.SECPRE_30min.2020-10.basic.20210319T165012Z.csv,NEON.D08.DELA.DP1.00006.001.001.000.030.THRPRE_30min.2020-10.basic.20210319T165012Z.csv
NEON.D08.DELA.DP1.00006.001.000.060.030.SECPRE_30min.2020-11.basic.20210319T165232Z.csv,NEON.D08.DELA.DP1.00006.001.001.000.030.THRPRE_30min.2020-11.basic.20210319T165232Z.csv
NEON.D08.DELA.DP1.00006.001.000.060.030.SECPRE_30min.2020-12.basic.20210319T165124Z.csv,NEON.D08.DELA.DP1.00006.001.001.000.030.THRPRE_30min.2020-12.basic.20210319T165124Z.csv
NEON.D08.LENO.DP1.00006.001.000.060.030.SECPRE_30min.2020-01.basic.20201228T154722Z.csv,NEON.D08.LENO.DP1.00006.001.001.000.030.THRPRE_30min.2020-01.basic.20201228T154722Z.csv
NEON.D08.LENO.DP1.00006.001.000.060.030.SECPRE_30min.2020-02.basic.20201228T154716Z.csv,NEON.D08.LENO.DP1.00006.001.001.000.030.THRPRE_30min.2020-02.basic.20201228T154716Z.csv
NEON.D08.LENO.DP1.00006.001.000.060.030.SECPRE_30min.2020-03.basic.20201228T154716Z.csv,NEON.D08.LENO.DP1.00006.001.001.000.030.THRPRE_30min.2020-03.basic.20201228T154716Z.csv
NEON.D08.LENO.DP1.00006.001.000.060.030.SECPRE_30min.2020-04.basic.20201228T154726Z.csv,NEON.D08.LENO.DP1.00006.001.001.000.030.THRPRE_30min.2020-04.basic.20201228T154726Z.csv
NEON.D08.LENO.DP1.00006.001.000.060.030.SECPRE_30min.2020-05.basic.20201228T154730Z.csv,NEON.D08.LENO.DP1.00006.001.001.000.030.THRPRE_30min.2020-05.basic.20201228T154730Z.csv
NEON.D08.LENO.DP1.00006.001.000.060.030.SECPRE_30min.2020-06.basic.20201228T154717Z.csv,NEON.D08.LENO.DP1.00006.001.001.000.030.THRPRE_30min.2020-06.basic.20201228T154717Z.csv
NEON.D08.LENO.DP1.00006.001.000.060.030.SECPRE_30min.2020-07.basic.20201228T154720Z.csv,NEON.D08.LENO.DP1.00006.001.001.000.030.THRPRE_30min.2020-07.basic.20201228T154720Z.csv
NEON.D08.LENO.DP1.00006.001.000.060.030.SECPRE_30min.2020-08.basic.20201228T154728Z.csv,NEON.D08.LENO.DP1.00006.001.001.000.030.THRPRE_30min.2020-08.basic.20201228T154728Z.csv
NEON.D08.LENO.DP1.00006.001.000.060.030.SECPRE_30min.2020-09.basic.20201228T154732Z.csv,NEON.D08.LENO.DP1.00006.001.001.000.030.THRPRE_30min.2020-09.basic.20201228T154732Z.csv
NEON.D08.LENO.DP1.00006.001.000.060.030.SECPRE_30min.2020-10.basic.20210319T165901Z.csv,NEON.D08.LENO.DP1.00006.001.001.000.030.THRPRE_30min.2020-10.basic.20210319T165901Z.csv
NEON.D08.LENO.DP1.00006.001.000.060.030.SECPRE_30min.2020-11.basic.20210315T173648Z.csv,NEON.D08.LENO.DP1.00006.001.001.000.030.THRPRE_30min.2020-11.basic.20210315T173648Z.csv
NEON.D08.LENO.DP1.00006.001.000.060.030.SECPRE_30min.2020-12.basic.20210315T171603Z.csv,NEON.D08.LENO.DP1.00006.001.001.000.030.THRPRE_30min.2020-12.basic.20210315T171603Z.csv
NEON.D08.TALL.DP1.00006.001.000.050.030.SECPRE_30min.2020-01.basic.20201016T005300Z.csv,NEON.D08.TALL.DP1.00006.001.001.000.030.THRPRE_30min.2020-01.basic.20201016T005300Z.csv
NEON.D08.TALL.DP1.00006.001.000.050.030.SECPRE_30min.2020-02.basic.20201016T005237Z.csv,NEON.D08.TALL.DP1.00006.001.001.000.030.THRPRE_30min.2020-02.basic.20201016T005237Z.csv
NEON.D08.TALL.DP1.00006.001.000.050.030.SECPRE_30min.2020-03.basic.20200704T025000Z.csv,NEON.D08.TALL.DP1.00006.001.001.000.030.THRPRE_30min.2020-03.basic.20200704T025000Z.csv
NEON.D08.TALL.DP1.00006.001.000.050.030.SECPRE_30min.2020-04.basic.20200703T214150Z.csv,NEON.D08.TALL.DP1.00006.001.001.000.030.THRPRE_30min.2020-04.basic.20200703T214150Z.csv
NEON.D08.TALL.DP1.00006.001.000.050.030.SECPRE_30min.2020-05.basic.20200703T202242Z.csv,NEON.D08.TALL.DP1.00006.001.001.000.030.THRPRE_30min.2020-05.basic.20200703T202242Z.csv
NEON.D08.TALL.DP1.00006.001.000.050.030.SECPRE_30min.2020-06.basic.20200728T150212Z.csv,NEON.D08.TALL.DP1.00006.001.001.000.030.THRPRE_30min.2020-06.basic.20200728T150212Z.csv
NEON.D08.TALL.DP1.00006.001.000.050.030.SECPRE_30min.2020-07.basic.20200817T145525Z.csv,NEON.D08.TALL.DP1.00006.001.001.000.030.THRPRE_30min.2020-07.basic.20200817T145525Z.csv
NEON.D08.TALL.DP1.00006.001.000.050.030.SECPRE_30min.2020-08.basic.20200902T142034Z.csv,NEON.D08.TALL.DP1.00006.001.001.000.030.THRPRE_30min.2020-08.basic.20200902T142034Z.csv
NEON.D08.TALL.DP1.00006.001.000.050.030.SECPRE_30min.2020-09.basic.20201006T171549Z.csv,NEON.D08.TALL.DP1.00006.001.001.000.030.THRPRE_30min.2020-09.basic.20201006T171549Z.csv
NEON.D08.TALL.DP1.00006.001.000.050.030.SECPRE_30min.2020-10.basic.20210319T183852Z.csv,NEON.D08.TALL.DP1.00006.001.001.000.030.THRPRE_30min.2020-10.basic.20210319T183852Z.csv
NEON.D08.TALL.DP1.00006.001.000.050.030.SECPRE_30min.2020-11.basic.20210319T183824Z.csv,NEON.D08.TALL.DP1.00006.001.001.000.030.THRPRE_30min.2020-11.basic.20210319T183824Z.csv
NEON.D08.TALL.DP1.00006.001.000.050.030.SECPRE_30min.2020-12.basic.20210319T183844Z.csv,NEON.D08.TALL.DP1.00006.001.001.000.030.THRPRE_30min.2020-12.basic.20210319T183844Z.csv
NEON.D10.RMNP.DP1.00006.001.000.050.030.SECPRE_30min.2020-01.basic.20201016T010511Z.csv,NEON.D10.RMNP.DP1.00006.001.001.000.030.THRPRE_30min.2020-01.basic.20201016T010511Z.csv
NEON.D10.RMNP.DP1.00006.001.000.050.030.SECPRE_30min.2020-02.basic.20201016T005252Z.csv,NEON.D10.RMNP.DP1.00006.001.001.000.030.THRPRE_30min.2020-02.basic.20201016T005252Z.csv
NEON.D10.RMNP.DP1.00006.001.000.050.030.SECPRE_30min.2020-03.basic.20200704T023528Z.csv,NEON.D10.RMNP.DP1.00006.001.001.000.030.THRPRE_30min.2020-03.basic.20200704T023528Z.csv
NEON.D10.RMNP.DP1.00006.001.000.050.030.SECPRE_30min.2020-04.basic.20200703T225013Z.csv,NEON.D10.RMNP.DP1.00006.001.001.000.030.THRPRE_30min.2020-04.basic.20200703T225013Z.csv
NEON.D10.RMNP.DP1.00006.001.000.050.030.SECPRE_30min.2020-05.basic.20200704T000250Z.csv,NEON.D10.RMNP.DP1.00006.001.001.000.030.THRPRE_30min.2020-05.basic.20200704T000250Z.csv
NEON.D10.RMNP.DP1.00006.001.000.050.030.SECPRE_30min.2020-06.basic.20200911T231520Z.csv,NEON.D10.RMNP.DP1.00006.001.001.000.030.THRPRE_30min.2020-06.basic.20200911T231520Z.csv
NEON.D10.RMNP.DP1.00006.001.000.050.030.SECPRE_30min.2020-07.basic.20200911T231520Z.csv,NEON.D10.RMNP.DP1.00006.001.001.000.030.THRPRE_30min.2020-07.basic.20200911T231520Z.csv
NEON.D10.RMNP.DP1.00006.001.000.050.030.SECPRE_30min.2020-08.basic.20200911T231521Z.csv,NEON.D10.RMNP.DP1.00006.001.001.000.030.THRPRE_30min.2020-08.basic.20200911T231521Z.csv
NEON.D10.RMNP.DP1.00006.001.000.050.030.SECPRE_30min.2020-09.basic.20201006T174034Z.csv,NEON.D10.RMNP.DP1.00006.001.001.000.030.THRPRE_30min.2020-09.basic.20201006T174034Z.csv
NEON.D10.RMNP.DP1.00006.001.000.050.030.SECPRE_30min.2020-10.basic.20210513T203643Z.csv,NEON.D10.RMNP.DP1.00006.001.001.000.030.THRPRE_30min.2020-10.basic.20210513T203643Z.csv
NEON.D10.RMNP.DP1.00006.001.000.050.030.SECPRE_30min.2020-11.basic.20210513T203648Z.csv,NEON.D10.RMNP.DP1.00006.001.001.000.030.THRPRE_30min.2020-11.basic.20210513T203648Z.csv
NEON.D10.RMNP.DP1.00006.001.000.050.030.SECPRE_30min.2020-12.basic.20210319T183803Z.csv,NEON.D10.RMNP.DP1.00006.001.001.000.030.THRPRE_30min.2020-12.basic.20210319T183803Z.csv
NEON.D11.CLBJ.DP1.00006.001.900.000.030.PRIPRE_30min.2020-01.basic.20201016T011751Z.csv,NEON.D11.CLBJ.DP1.00006.001.001.000.030.THRPRE_30min.2020-01.basic.20201016T011751Z.csv
NEON.D11.CLBJ.DP1.00006.001.900.000.030.PRIPRE_30min.2020-02.basic.20201016T005600Z.csv,NEON.D11.CLBJ.DP1.00006.001.001.000.030.THRPRE_30min.2020-02.basic.20201016T005600Z.csv
NEON.D11.CLBJ.DP1.00006.001.900.000.030.PRIPRE_30min.2020-03.basic.20200703T200524Z.csv,NEON.D11.CLBJ.DP1.00006.001.001.000.030.THRPRE_30min.2020-03.basic.20200703T200524Z.csv
NEON.D11.CLBJ.DP1.00006.001.900.000.030.PRIPRE_30min.2020-04.basic.20200703T212852Z.csv,NEON.D11.CLBJ.DP1.00006.001.001.000.030.THRPRE_30min.2020-04.basic.20200703T212852Z.csv
NEON.D11.CLBJ.DP1.00006.001.900.000.030.PRIPRE_30min.2020-05.basic.20200817T145504Z.csv,NEON.D11.CLBJ.DP1.00006.001.001.000.030.THRPRE_30min.2020-05.basic.20200817T145504Z.csv
NEON.D11.CLBJ.DP1.00006.001.900.000.030.PRIPRE_30min.2020-06.basic.20200817T150800Z.csv,NEON.D11.CLBJ.DP1.00006.001.001.000.030.THRPRE_30min.2020-06.basic.20200817T150800Z.csv
NEON.D11.CLBJ.DP1.00006.001.900.000.030.PRIPRE_30min.2020-07.basic.20200817T145504Z.csv,NEON.D11.CLBJ.DP1.00006.001.001.000.030.THRPRE_30min.2020-07.basic.20200817T145504Z.csv
NEON.D11.CLBJ.DP1.00006.001.900.000.030.PRIPRE_30min.2020-08.basic.20201107T000620Z.csv,NEON.D11.CLBJ.DP1.00006.001.001.000.030.THRPRE_30min.2020-08.basic.20201107T000620Z.csv
NEON.D11.CLBJ.DP1.00006.001.900.000.030.PRIPRE_30min.2020-09.basic.20201107T000733Z.csv,NEON.D11.CLBJ.DP1.00006.001.001.000.030.THRPRE_30min.2020-09.basic.20201107T000733Z.csv
NEON.D11.CLBJ.DP1.00006.001.900.000.030.PRIPRE_30min.2020-10.basic.20210319T165038Z.csv,NEON.D11.CLBJ.DP1.00006.001.001.000.030.THRPRE_30min.2020-10.basic.20210319T165038Z.csv
NEON.D11.CLBJ.DP1.00006.001.900.000.030.PRIPRE_30min.2020-11.basic.20210319T165814Z.csv,NEON.D11.CLBJ.DP1.00006.001.001.000.030.THRPRE_30min.2020-11.basic.20210319T165814Z.csv
NEON.D11.CLBJ.DP1.00006.001.900.000.030.PRIPRE_30min.2020-12.basic.20210319T165552Z.csv,NEON.D11.CLBJ.DP1.00006.001.001.000.030.THRPRE_30min.2020-12.basic.20210319T165552Z.csv
NEON.D12.YELL.DP1.00006.001.900.000.030.PRIPRE_30min.2020-01.basic.20201016T010950Z.csv,NEON.D12.YELL.DP1.00006.001.001.000.030.THRPRE_30min.2020-01.basic.20201016T010950Z.csv
NEON.D12.YELL.DP1.00006.001.900.000.030.PRIPRE_30min.2020-02.basic.20201016T010216Z.csv,NEON.D12.YELL.DP1.00006.001.001.000.030.THRPRE_30min.2020-02.basic.20201016T010216Z.csv
NEON.D12.YELL.DP1.00006.001.900.000.030.PRIPRE_30min.2020-03.basic.20200704T054156Z.csv,NEON.D12.YELL.DP1.00006.001.001.000.030.THRPRE_30min.2020-03.basic.20200704T054156Z.csv
NEON.D12.YELL.DP1.00006.001.900.000.030.PRIPRE_30min.2020-04.basic.20200703T224036Z.csv,NEON.D12.YELL.DP1.00006.001.001.000.030.THRPRE_30min.2020-04.basic.20200703T224036Z.csv
NEON.D12.YELL.DP1.00006.001.900.000.030.PRIPRE_30min.2020-05.basic.20200704T000921Z.csv,NEON.D12.YELL.DP1.00006.001.001.000.030.THRPRE_30min.2020-05.basic.20200704T000921Z.csv
NEON.D12.YELL.DP1.00006.001.900.000.030.PRIPRE_30min.2020-06.basic.20200728T150042Z.csv,NEON.D12.YELL.DP1.00006.001.001.000.030.THRPRE_30min.2020-06.basic.20200728T150042Z.csv
NEON.D12.YELL.DP1.00006.001.900.000.030.PRIPRE_30min.2020-07.basic.20211020T144417Z.csv,NEON.D12.YELL.DP1.00006.001.001.000.030.THRPRE_30min.2020-07.basic.20211020T144417Z.csv
NEON.D12.YELL.DP1.00006.001.900.000.030.PRIPRE_30min.2020-08.basic.20211020T144402Z.csv,NEON.D12.YELL.DP1.00006.001.001.000.030.THRPRE_30min.2020-08.basic.20211020T144402Z.csv
NEON.D12.YELL.DP1.00006.001.900.000.030.PRIPRE_30min.2020-09.basic.20211020T144403Z.csv,NEON.D12.YELL.DP1.00006.001.001.000.030.THRPRE_30min.2020-09.basic.20211020T144403Z.csv
NEON.D12.YELL.DP1.00006.001.900.000.030.PRIPRE_30min.2020-10.basic.20211020T144346Z.csv,NEON.D12.YELL.DP1.00006.001.001.000.030.THRPRE_30min.2020-10.basic.20211020T144346Z.csv
NEON.D12.YELL.DP1.00006.001.900.000.030.PRIPRE_30min.2020-11.basic.20211020T144346Z.csv,NEON.D12.YELL.DP1.00006.001.001.000.030.THRPRE_30min.2020-11.basic.20211020T144346Z.csv
NEON.D12.YELL.DP1.00006.001.900.000.030.PRIPRE_30min.2020-12.basic.20211020T144448Z.csv,NEON.D12.YELL.DP1.00006.001.001.000.030.THRPRE_30min.2020-12.basic.20211020T144448Z.csv
NEON.D14.JORN.DP1.00006.001.000.040.030.SECPRE_30min.2020-01.basic.20201016T010429Z.csv,NEON.D14.JORN.DP1.00006.001.001.000.030.THRPRE_30min.2020-01.basic.20201016T010429Z.csv
NEON.D14.JORN.DP1.00006.001.000.040.030.SECPRE_30min.2020-02.basic.20201016T010617Z.csv,NEON.D14.JORN.DP1.00006.001.001.000.030.THRPRE_30min.2020-02.basic.20201016T010617Z.csv
NEON.D14.JORN.DP1.00006.001.000.040.030.SECPRE_30min.2020-03.basic.20200703T203922Z.csv,NEON.D14.JORN.DP1.00006.001.001.000.030.THRPRE_30min.2020-03.basic.20200703T203922Z.csv
NEON.D14.JORN.DP1.00006.001.000.040.030.SECPRE_30min.2020-04.basic.20200703T210627Z.csv,NEON.D14.JORN.DP1.00006.001.001.000.030.THRPRE_30min.2020-04.basic.20200703T210627Z.csv
NEON.D14.JORN.DP1.00006.001.000.040.030.SECPRE_30min.2020-05.basic.20200704T031557Z.csv,NEON.D14.JORN.DP1.00006.001.001.000.030.THRPRE_30min.2020-05.basic.20200704T031557Z.csv
NEON.D14.JORN.DP1.00006.001.000.040.030.SECPRE_30min.2020-06.basic.20200728T150108Z.csv,NEON.D14.JORN.DP1.00006.001.001.000.030.THRPRE_30min.2020-06.basic.20200728T150108Z.csv
NEON.D14.JORN.DP1.00006.001.000.040.030.SECPRE_30min.2020-07.basic.20200904T011615Z.csv,NEON.D14.JORN.DP1.00006.001.001.000.030.THRPRE_30min.2020-07.basic.20200904T011615Z.csv
NEON.D14.JORN.DP1.00006.001.000.040.030.SECPRE_30min.2020-08.basic.20200904T011602Z.csv,NEON.D14.JORN.DP1.00006.001.001.000.030.THRPRE_30min.2020-08.basic.20200904T011602Z.csv
NEON.D14.JORN.DP1.00006.001.000.040.030.SECPRE_30min.2020-09.basic.20201006T172348Z.csv,NEON.D14.JORN.DP1.00006.001.001.000.030.THRPRE_30min.2020-09.basic.20201006T172348Z.csv
NEON.D14.JORN.DP1.00006.001.000.040.030.SECPRE_30min.2020-10.basic.20210319T165249Z.csv,NEON.D14.JORN.DP1.00006.001.001.000.030.THRPRE_30min.2020-10.basic.20210319T165249Z.csv
NEON.D14.JORN.DP1.00006.001.000.040.030.SECPRE_30min.2020-11.basic.20210319T165124Z.csv,NEON.D14.JORN.DP1.00006.001.001.000.030.THRPRE_30min.2020-11.basic.20210319T165124Z.csv
NEON.D14.JORN.DP1.00006.001.000.040.030.SECPRE_30min.2020-12.basic.20210319T165849Z.csv,NEON.D14.JORN.DP1.00006.001.001.000.030.THRPRE_30min.2020-12.basic.20210319T165849Z.csv
NEON.D14.SRER.DP1.00006.001.900.000.030.PRIPRE_30min.2020-01.basic.20201016T010409Z.csv,NEON.D14.SRER.DP1.00006.001.001.000.030.THRPRE_30min.2020-01.basic.20201016T010409Z.csv
NEON.D14.SRER.DP1.00006.001.900.000.030.PRIPRE_30min.2020-02.basic.20201016T011459Z.csv,NEON.D14.SRER.DP1.00006.001.001.000.030.THRPRE_30min.2020-02.basic.20201016T011459Z.csv
NEON.D14.SRER.DP1.00006.001.900.000.030.PRIPRE_30min.2020-03.basic.20200703T202656Z.csv,NEON.D14.SRER.DP1.00006.001.001.000.030.THRPRE_30min.2020-03.basic.20200703T202656Z.csv
NEON.D14.SRER.DP1.00006.001.900.000.030.PRIPRE_30min.2020-04.basic.20200703T221105Z.csv,NEON.D14.SRER.DP1.00006.001.001.000.030.THRPRE_30min.2020-04.basic.20200703T221105Z.csv
NEON.D14.SRER.DP1.00006.001.900.000.030.PRIPRE_30min.2020-05.basic.20200704T025212Z.csv,NEON.D14.SRER.DP1.00006.001.001.000.030.THRPRE_30min.2020-05.basic.20200704T025212Z.csv
NEON.D14.SRER.DP1.00006.001.900.000.030.PRIPRE_30min.2020-06.basic.20200728T150051Z.csv,NEON.D14.SRER.DP1.00006.001.001.000.030.THRPRE_30min.2020-06.basic.20200728T150051Z.csv
NEON.D14.SRER.DP1.00006.001.900.000.030.PRIPRE_30min.2020-07.basic.20200824T124829Z.csv,NEON.D14.SRER.DP1.00006.001.001.000.030.THRPRE_30min.2020-07.basic.20200824T124829Z.csv
NEON.D14.SRER.DP1.00006.001.900.000.030.PRIPRE_30min.2020-08.basic.20200902T144229Z.csv,NEON.D14.SRER.DP1.00006.001.001.000.030.THRPRE_30min.2020-08.basic.20200902T144229Z.csv
NEON.D14.SRER.DP1.00006.001.900.000.030.PRIPRE_30min.2020-09.basic.20201006T170657Z.csv,NEON.D14.SRER.DP1.00006.001.001.000.030.THRPRE_30min.2020-09.basic.20201006T170657Z.csv
NEON.D14.SRER.DP1.00006.001.900.000.030.PRIPRE_30min.2020-10.basic.20210319T190329Z.csv,NEON.D14.SRER.DP1.00006.001.001.000.030.THRPRE_30min.2020-10.basic.20210319T190329Z.csv
NEON.D14.SRER.DP1.00006.001.900.000.030.PRIPRE_30min.2020-11.basic.20210319T183347Z.csv,NEON.D14.SRER.DP1.00006.001.001.000.030.THRPRE_30min.2020-11.basic.20210319T183347Z.csv
NEON.D14.SRER.DP1.00006.001.900.000.030.PRIPRE_30min.2020-12.basic.20210319T183729Z.csv,NEON.D14.SRER.DP1.00006.001.001.000.030.THRPRE_30min.2020-12.basic.20210319T183729Z.csv
NEON.D16.ABBY.DP1.00006.001.000.050.030.SECPRE_30min.2020-01.basic.20201016T011717Z.csv,NEON.D16.ABBY.DP1.00006.001.001.000.030.THRPRE_30min.2020-01.basic.20201016T011717Z.csv
NEON.D16.ABBY.DP1.00006.001.000.050.030.SECPRE_30min.2020-02.basic.20201016T011317Z.csv,NEON.D16.ABBY.DP1.00006.001.001.000.030.THRPRE_30min.2020-02.basic.20201016T011317Z.csv
NEON.D16.ABBY.DP1.00006.001.000.050.030.SECPRE_30min.2020-03.basic.20200704T042930Z.csv,NEON.D16.ABBY.DP1.00006.001.001.000.030.THRPRE_30min.2020-03.basic.20200704T042930Z.csv
NEON.D16.ABBY.DP1.00006.001.000.050.030.SECPRE_30min.2020-04.basic.20200704T000533Z.csv,NEON.D16.ABBY.DP1.00006.001.001.000.030.THRPRE_30min.2020-04.basic.20200704T000533Z.csv
NEON.D16.ABBY.DP1.00006.001.000.050.030.SECPRE_30min.2020-05.basic.20200704T010623Z.csv,NEON.D16.ABBY.DP1.00006.001.001.000.030.THRPRE_30min.2020-05.basic.20200704T010623Z.csv
NEON.D16.ABBY.DP1.00006.001.000.050.030.SECPRE_30min.2020-06.basic.20200728T150028Z.csv,NEON.D16.ABBY.DP1.00006.001.001.000.030.THRPRE_30min.2020-06.basic.20200728T150028Z.csv
NEON.D16.ABBY.DP1.00006.001.000.050.030.SECPRE_30min.2020-07.basic.20200803T173807Z.csv,NEON.D16.ABBY.DP1.00006.001.001.000.030.THRPRE_30min.2020-07.basic.20200803T173807Z.csv
NEON.D16.ABBY.DP1.00006.001.000.050.030.SECPRE_30min.2020-08.basic.20200902T131116Z.csv,NEON.D16.ABBY.DP1.00006.001.001.000.030.THRPRE_30min.2020-08.basic.20200902T131116Z.csv
NEON.D16.ABBY.DP1.00006.001.000.050.030.SECPRE_30min.2020-09.basic.20201006T173159Z.csv,NEON.D16.ABBY.DP1.00006.001.001.000.030.THRPRE_30min.2020-09.basic.20201006T173159Z.csv
NEON.D16.ABBY.DP1.00006.001.000.050.030.SECPRE_30min.2020-10.basic.20210324T150741Z.csv,NEON.D16.ABBY.DP1.00006.001.001.000.030.THRPRE_30min.2020-10.basic.20210324T150741Z.csv
NEON.D16.ABBY.DP1.00006.001.000.050.030.SECPRE_30min.2020-11.basic.20210324T151136Z.csv,NEON.D16.ABBY.DP1.00006.001.001.000.030.THRPRE_30min.2020-11.basic.20210324T151136Z.csv
NEON.D16.ABBY.DP1.00006.001.000.050.030.SECPRE_30min.2020-12.basic.20210324T151937Z.csv,NEON.D16.ABBY.DP1.00006.001.001.000.030.THRPRE_30min.2020-12.basic.20210324T151937Z.csv
NEON.D16.WREF.DP1.00006.001.000.080.030.SECPRE_30min.2020-01.basic.20201228T154631Z.csv,NEON.D16.WREF.DP1.00006.001.001.000.030.THRPRE_30min.2020-01.basic.20201228T154631Z.csv
NEON.D16.WREF.DP1.00006.001.000.080.030.SECPRE_30min.2020-02.basic.20201228T154627Z.csv,NEON.D16.WREF.DP1.00006.001.001.000.030.THRPRE_30min.2020-02.basic.20201228T154627Z.csv
NEON.D16.WREF.DP1.00006.001.000.080.030.SECPRE_30min.2020-03.basic.20201228T154627Z.csv,NEON.D16.WREF.DP1.00006.001.001.000.030.THRPRE_30min.2020-03.basic.20201228T154627Z.csv
NEON.D16.WREF.DP1.00006.001.000.080.030.SECPRE_30min.2020-04.basic.20201228T154627Z.csv,NEON.D16.WREF.DP1.00006.001.001.000.030.THRPRE_30min.2020-04.basic.20201228T154627Z.csv
NEON.D16.WREF.DP1.00006.001.000.080.030.SECPRE_30min.2020-05.basic.20201228T154628Z.csv,NEON.D16.WREF.DP1.00006.001.001.000.030.THRPRE_30min.2020-05.basic.20201228T154628Z.csv
NEON.D16.WREF.DP1.00006.001.000.080.030.SECPRE_30min.2020-06.basic.20201228T154624Z.csv,NEON.D16.WREF.DP1.00006.001.001.000.030.THRPRE_30min.2020-06.basic.20201228T154624Z.csv
NEON.D16.WREF.DP1.00006.001.000.080.030.SECPRE_30min.2020-07.basic.20201228T154625Z.csv,NEON.D16.WREF.DP1.00006.001.001.000.030.THRPRE_30min.2020-07.basic.20201228T154625Z.csv
NEON.D16.WREF.DP1.00006.001.000.080.030.SECPRE_30min.2020-08.basic.20201228T154634Z.csv,NEON.D16.WREF.DP1.00006.001.001.000.030.THRPRE_30min.2020-08.basic.20201228T154634Z.csv
NEON.D16.WREF.DP1.00006.001.000.080.030.SECPRE_30min.2020-09.basic.20201228T154635Z.csv,NEON.D16.WREF.DP1.00006.001.001.000.030.THRPRE_30min.2020-09.basic.20201228T154635Z.csv
NEON.D16.WREF.DP1.00006.001.000.080.030.SECPRE_30min.2020-10.basic.20210312T200136Z.csv,NEON.D16.WREF.DP1.00006.001.001.000.030.THRPRE_30min.2020-10.basic.20210312T200136Z.csv
NEON.D16.WREF.DP1.00006.001.000.080.030.SECPRE_30min.2020-11.basic.20210312T192515Z.csv,NEON.D16.WREF.DP1.00006.001.001.000.030.THRPRE_30min.2020-11.basic.20210312T192515Z.csv
NEON.D16.WREF.DP1.00006.001.000.080.030.SECPRE_30min.2020-12.basic.20210312T192542Z.csv,NEON.D16.WREF.DP1.00006.001.001.000.030.THRPRE_30min.2020-12.basic.20210312T192542Z.csv
NEON.D17.SJER.DP1.00006.001.900.000.030.PRIPRE_30min.2020-01.basic.20201016T010812Z.csv,NEON.D17.SJER.DP1.00006.001.001.000.030.THRPRE_30min.2020-01.basic.20201016T010812Z.csv
NEON.D17.SJER.DP1.00006.001.900.000.030.PRIPRE_30min.2020-02.basic.20201016T010518Z.csv,NEON.D17.SJER.DP1.00006.001.001.000.030.THRPRE_30min.2020-02.basic.20201016T010518Z.csv
NEON.D17.SJER.DP1.00006.001.900.000.030.PRIPRE_30min.2020-03.basic.20200703T191249Z.csv,NEON.D17.SJER.DP1.00006.001.001.000.030.THRPRE_30min.2020-03.basic.20200703T191249Z.csv
NEON.D17.SJER.DP1.00006.001.900.000.030.PRIPRE_30min.2020-04.basic.20200703T200708Z.csv,NEON.D17.SJER.DP1.00006.001.001.000.030.THRPRE_30min.2020-04.basic.20200703T200708Z.csv
NEON.D17.SJER.DP1.00006.001.900.000.030.PRIPRE_30min.2020-05.basic.20200704T024514Z.csv,NEON.D17.SJER.DP1.00006.001.001.000.030.THRPRE_30min.2020-05.basic.20200704T024514Z.csv
NEON.D17.SJER.DP1.00006.001.900.000.030.PRIPRE_30min.2020-06.basic.20200728T150108Z.csv,NEON.D17.SJER.DP1.00006.001.001.000.030.THRPRE_30min.2020-06.basic.20200728T150108Z.csv
NEON.D17.SJER.DP1.00006.001.900.000.030.PRIPRE_30min.2020-07.basic.20200803T202536Z.csv,NEON.D17.SJER.DP1.00006.001.001.000.030.THRPRE_30min.2020-07.basic.20200803T202536Z.csv
NEON.D17.SJER.DP1.00006.001.900.000.030.PRIPRE_30min.2020-08.basic.20200902T133928Z.csv,NEON.D17.SJER.DP1.00006.001.001.000.030.THRPRE_30min.2020-08.basic.20200902T133928Z.csv
NEON.D17.SJER.DP1.00006.001.900.000.030.PRIPRE_30min.2020-09.basic.20201006T173617Z.csv,NEON.D17.SJER.DP1.00006.001.001.000.030.THRPRE_30min.2020-09.basic.20201006T173617Z.csv
NEON.D17.SJER.DP1.00006.001.900.000.030.PRIPRE_30min.2020-10.basic.20210319T183544Z.csv,NEON.D17.SJER.DP1.00006.001.001.000.030.THRPRE_30min.2020-10.basic.20210319T183544Z.csv
NEON.D17.SJER.DP1.00006.001.900.000.030.PRIPRE_30min.2020-11.basic.20210412T165456Z.csv,NEON.D17.SJER.DP1.00006.001.001.000.030.THRPRE_30min.2020-11.basic.20210412T165456Z.csv
NEON.D17.SJER.DP1.00006.001.900.000.030.PRIPRE_30min.2020-12.basic.20210412T165444Z.csv,NEON.D17.SJER.DP1.00006.001.001.000.030.THRPRE_30min.2020-12.basic.20210412T165444Z.csv
NEON.D17.SOAP.DP1.00006.001.000.060.030.SECPRE_30min.2020-01.basic.20201016T011550Z.csv,NEON.D17.SOAP.DP1.00006.001.001.000.030.THRPRE_30min.2020-01.basic.20201016T011550Z.csv
NEON.D17.SOAP.DP1.00006.001.000.060.030.SECPRE_30min.2020-02.basic.20201016T010859Z.csv,NEON.D17.SOAP.DP1.00006.001.001.000.030.THRPRE_30min.2020-02.basic.20201016T010859Z.csv
NEON.D17.SOAP.DP1.00006.001.000.060.030.SECPRE_30min.2020-03.basic.20200704T040606Z.csv,NEON.D17.SOAP.DP1.00006.001.001.000.030.THRPRE_30min.2020-03.basic.20200704T040606Z.csv
NEON.D17.SOAP.DP1.00006.001.000.060.030.SECPRE_30min.2020-04.basic.20200704T000659Z.csv,NEON.D17.SOAP.DP1.00006.001.001.000.030.THRPRE_30min.2020-04.basic.20200704T000659Z.csv
NEON.D17.SOAP.DP1.00006.001.000.060.030.SECPRE_30min.2020-05.basic.20200704T014141Z.csv,NEON.D17.SOAP.DP1.00006.001.001.000.030.THRPRE_30min.2020-05.basic.20200704T014141Z.csv
NEON.D17.SOAP.DP1.00006.001.000.060.030.SECPRE_30min.2020-06.basic.20200728T150130Z.csv,NEON.D17.SOAP.DP1.00006.001.001.000.030.THRPRE_30min.2020-06.basic.20200728T150130Z.csv
NEON.D17.SOAP.DP1.00006.001.000.060.030.SECPRE_30min.2020-07.basic.20200803T174501Z.csv,NEON.D17.SOAP.DP1.00006.001.001.000.030.THRPRE_30min.2020-07.basic.20200803T174501Z.csv
NEON.D17.SOAP.DP1.00006.001.000.060.030.SECPRE_30min.2020-08.basic.20200902T142718Z.csv,NEON.D17.SOAP.DP1.00006.001.001.000.030.THRPRE_30min.2020-08.basic.20200902T142718Z.csv
NEON.D17.SOAP.DP1.00006.001.000.060.030.SECPRE_30min.2020-09.basic.20201006T180940Z.csv,NEON.D17.SOAP.DP1.00006.001.001.000.030.THRPRE_30min.2020-09.basic.20201006T180940Z.csv
NEON.D17.SOAP.DP1.00006.001.000.060.030.SECPRE_30min.2020-10.basic.20210319T185905Z.csv,NEON.D17.SOAP.DP1.00006.001.001.000.030.THRPRE_30min.2020-10.basic.20210319T185905Z.csv
NEON.D17.SOAP.DP1.00006.001.000.060.030.SECPRE_30min.2020-11.basic.20210319T185847Z.csv,NEON.D17.SOAP.DP1.00006.001.001.000.030.THRPRE_30min.2020-11.basic.20210319T185847Z.csv
NEON.D17.SOAP.DP1.00006.001.000.060.030.SECPRE_30min.2020-12.basic.20210319T190211Z.csv,NEON.D17.SOAP.DP1.00006.001.001.000.030.THRPRE_30min.2020-12.basic.20210319T190211Z.csv
NEON.D17.TEAK.DP1.00006.001.000.070.030.SECPRE_30min.2020-01.basic.20201016T011425Z.csv,NEON.D17.TEAK.DP1.00006.001.001.000.030.THRPRE_30min.2020-01.basic.20201016T011425Z.csv
NEON.D17.TEAK.DP1.00006.001.000.070.030.SECPRE_30min.2020-02.basic.20201016T011041Z.csv,NEON.D17.TEAK.DP1.00006.001.001.000.030.THRPRE_30min.2020-02.basic.20201016T011041Z.csv
NEON.D17.TEAK.DP1.00006.001.000.070.030.SECPRE_30min.2020-03.basic.20200703T220054Z.csv,NEON.D17.TEAK.DP1.00006.001.001.000.030.THRPRE_30min.2020-03.basic.20200703T220054Z.csv
NEON.D17.TEAK.DP1.00006.001.000.070.030.SECPRE_30min.2020-04.basic.20200703T232024Z.csv,NEON.D17.TEAK.DP1.00006.001.001.000.030.THRPRE_30min.2020-04.basic.20200703T232024Z.csv
NEON.D17.TEAK.DP1.00006.001.000.070.030.SECPRE_30min.2020-05.basic.20200704T032326Z.csv,NEON.D17.TEAK.DP1.00006.001.001.000.030.THRPRE_30min.2020-05.basic.20200704T032326Z.csv
NEON.D17.TEAK.DP1.00006.001.000.070.030.SECPRE_30min.2020-06.basic.20200728T150227Z.csv,NEON.D17.TEAK.DP1.00006.001.001.000.030.THRPRE_30min.2020-06.basic.20200728T150227Z.csv
NEON.D17.TEAK.DP1.00006.001.000.070.030.SECPRE_30min.2020-07.basic.20200803T175346Z.csv,NEON.D17.TEAK.DP1.00006.001.001.000.030.THRPRE_30min.2020-07.basic.20200803T175346Z.csv
NEON.D17.TEAK.DP1.00006.001.000.070.030.SECPRE_30min.2020-08.basic.20200902T140621Z.csv,NEON.D17.TEAK.DP1.00006.001.001.000.030.THRPRE_30min.2020-08.basic.20200902T140621Z.csv
NEON.D17.TEAK.DP1.00006.001.000.070.030.SECPRE_30min.2020-09.basic.20201006T174018Z.csv,NEON.D17.TEAK.DP1.00006.001.001.000.030.THRPRE_30min.2020-09.basic.20201006T174018Z.csv
NEON.D17.TEAK.DP1.00006.001.000.070.030.SECPRE_30min.2020-10.basic.20210319T185922Z.csv,NEON.D17.TEAK.DP1.00006.001.001.000.030.THRPRE_30min.2020-10.basic.20210319T185922Z.csv
NEON.D17.TEAK.DP1.00006.001.000.070.030.SECPRE_30min.2020-11.basic.20210319T190338Z.csv,NEON.D17.TEAK.DP1.00006.001.001.000.030.THRPRE_30min.2020-11.basic.20210319T190338Z.csv
NEON.D17.TEAK.DP1.00006.001.000.070.030.SECPRE_30min.2020-12.basic.20210319T190127Z.csv,NEON.D17.TEAK.DP1.00006.001.001.000.030.THRPRE_30min.2020-12.basic.20210319T190127Z.csv
NEON.D19.BONA.DP1.00006.001.900.000.030.PRIPRE_30min.2020-01.basic.20201016T011225Z.csv,NEON.D19.BONA.DP1.00006.001.001.000.030.THRPRE_30min.2020-01.basic.20201016T011225Z.csv
NEON.D19.BONA.DP1.00006.001.900.000.030.PRIPRE_30min.2020-02.basic.20201016T011138Z.csv,NEON.D19.BONA.DP1.00006.001.001.000.030.THRPRE_30min.2020-02.basic.20201016T011138Z.csv
NEON.D19.BONA.DP1.00006.001.900.000.030.PRIPRE_30min.2020-03.basic.20200703T191508Z.csv,NEON.D19.BONA.DP1.00006.001.001.000.030.THRPRE_30min.2020-03.basic.20200703T191508Z.csv
NEON.D19.BONA.DP1.00006.001.900.000.030.PRIPRE_30min.2020-04.basic.20200704T055113Z.csv,NEON.D19.BONA.DP1.00006.001.001.000.030.THRPRE_30min.2020-04.basic.20200704T055113Z.csv
NEON.D19.BONA.DP1.00006.001.900.000.030.PRIPRE_30min.2020-05.basic.20200704T002859Z.csv,NEON.D19.BONA.DP1.00006.001.001.000.030.THRPRE_30min.2020-05.basic.20200704T002859Z.csv
NEON.D19.BONA.DP1.00006.001.900.000.030.PRIPRE_30min.2020-06.basic.20200817T150815Z.csv,NEON.D19.BONA.DP1.00006.001.001.000.030.THRPRE_30min.2020-06.basic.20200817T150815Z.csv
NEON.D19.BONA.DP1.00006.001.900.000.030.PRIPRE_30min.2020-07.basic.20201120T134955Z.csv,NEON.D19.BONA.DP1.00006.001.001.000.030.THRPRE_30min.2020-07.basic.20201120T134955Z.csv
NEON.D19.BONA.DP1.00006.001.900.000.030.PRIPRE_30min.2020-08.basic.20201120T134955Z.csv,NEON.D19.BONA.DP1.00006.001.001.000.030.THRPRE_30min.2020-08.basic.20201120T134955Z.csv
NEON.D19.BONA.DP1.00006.001.900.000.030.PRIPRE_30min.2020-09.basic.20201120T134955Z.csv,NEON.D19.BONA.DP1.00006.001.001.000.030.THRPRE_30min.2020-09.basic.20201120T134955Z.csv
NEON.D19.BONA.DP1.00006.001.900.000.030.PRIPRE_30min.2020-10.basic.20210319T164952Z.csv,NEON.D19.BONA.DP1.00006.001.001.000.030.THRPRE_30min.2020-10.basic.20210319T164952Z.csv
NEON.D19.BONA.DP1.00006.001.900.000.030.PRIPRE_30min.2020-11.basic.20210319T164943Z.csv,NEON.D19.BONA.DP1.00006.001.001.000.030.THRPRE_30min.2020-11.basic.20210319T164943Z.csv
NEON.D19.BONA.DP1.00006.001.900.000.030.PRIPRE_30min.2020-12.basic.20210319T165208Z.csv,NEON.D19.BONA.DP1.00006.001.001.000.030.THRPRE_30min.2020-12.basic.20210319T165208Z.csv
NEON.D19.DEJU.DP1.00006.001.000.050.030.SECPRE_30min.2020-01.basic.20201016T010203Z.csv,NEON.D19.DEJU.DP1.00006.001.001.000.030.THRPRE_30min.2020-01.basic.20201016T010203Z.csv
NEON.D19.DEJU.DP1.00006.001.000.050.030.SECPRE_30min.2020-02.basic.20201016T010548Z.csv,NEON.D19.DEJU.DP1.00006.001.001.000.030.THRPRE_30min.2020-02.basic.20201016T010548Z.csv
NEON.D19.DEJU.DP1.00006.001.000.050.030.SECPRE_30min.2020-03.basic.20200704T023905Z.csv,NEON.D19.DEJU.DP1.00006.001.001.000.030.THRPRE_30min.2020-03.basic.20200704T023905Z.csv
NEON.D19.DEJU.DP1.00006.001.000.050.030.SECPRE_30min.2020-04.basic.20200703T223003Z.csv,NEON.D19.DEJU.DP1.00006.001.001.000.030.THRPRE_30min.2020-04.basic.20200703T223003Z.csv
NEON.D19.DEJU.DP1.00006.001.000.050.030.SECPRE_30min.2020-05.basic.20200728T150028Z.csv,NEON.D19.DEJU.DP1.00006.001.001.000.030.THRPRE_30min.2020-05.basic.20200728T150028Z.csv
NEON.D19.DEJU.DP1.00006.001.000.050.030.SECPRE_30min.2020-06.basic.20200728T150028Z.csv,NEON.D19.DEJU.DP1.00006.001.001.000.030.THRPRE_30min.2020-06.basic.20200728T150028Z.csv
NEON.D19.DEJU.DP1.00006.001.000.050.030.SECPRE_30min.2020-07.basic.20200803T193927Z.csv,NEON.D19.DEJU.DP1.00006.001.001.000.030.THRPRE_30min.2020-07.basic.20200803T193927Z.csv
NEON.D19.DEJU.DP1.00006.001.000.050.030.SECPRE_30min.2020-08.basic.20200902T152510Z.csv,NEON.D19.DEJU.DP1.00006.001.001.000.030.THRPRE_30min.2020-08.basic.20200902T152510Z.csv
NEON.D19.DEJU.DP1.00006.001.000.050.030.SECPRE_30min.2020-09.basic.20201006T170126Z.csv,NEON.D19.DEJU.DP1.00006.001.001.000.030.THRPRE_30min.2020-09.basic.20201006T170126Z.csv
NEON.D19.DEJU.DP1.00006.001.000.050.030.SECPRE_30min.2020-10.basic.20210319T165548Z.csv,NEON.D19.DEJU.DP1.00006.001.001.000.030.THRPRE_30min.2020-10.basic.20210319T165548Z.csv
NEON.D19.DEJU.DP1.00006.001.000.050.030.SECPRE_30min.2020-11.basic.20210319T165859Z.csv,NEON.D19.DEJU.DP1.00006.001.001.000.030.THRPRE_30min.2020-11.basic.20210319T165859Z.csv
NEON.D19.DEJU.DP1.00006.001.000.050.030.SECPRE_30min.2020-12.basic.20210319T165736Z.csv,NEON.D19.DEJU.DP1.00006.001.001.000.030.THRPRE_30min.2020-12.basic.20210319T165736Z.csv
NEON.D20.PUUM.DP1.00006.001.900.000.030.PRIPRE_30min.2020-01.basic.20201016T005252Z.csv,NEON.D20.PUUM.DP1.00006.001.001.000.030.THRPRE_30min.2020-01.basic.20201016T005252Z.csv
NEON.D20.PUUM.DP1.00006.001.900.000.030.PRIPRE_30min.2020-02.basic.20201016T011439Z.csv,NEON.D20.PUUM.DP1.00006.001.001.000.030.THRPRE_30min.2020-02.basic.20201016T011439Z.csv
NEON.D20.PUUM.DP1.00006.001.900.000.030.PRIPRE_30min.2020-03.basic.20200703T195436Z.csv,NEON.D20.PUUM.DP1.00006.001.001.000.030.THRPRE_30min.2020-03.basic.20200703T195436Z.csv
NEON.D20.PUUM.DP1.00006.001.900.000.030.PRIPRE_30min.2020-04.basic.20200703T223712Z.csv,NEON.D20.PUUM.DP1.00006.001.001.000.030.THRPRE_30min.2020-04.basic.20200703T223712Z.csv
NEON.D20.PUUM.DP1.00006.001.900.000.030.PRIPRE_30min.2020-05.basic.20200704T031146Z.csv,NEON.D20.PUUM.DP1.00006.001.001.000.030.THRPRE_30min.2020-05.basic.20200704T031146Z.csv
NEON.D20.PUUM.DP1.00006.001.900.000.030.PRIPRE_30min.2020-06.basic.20200728T150124Z.csv,NEON.D20.PUUM.DP1.00006.001.001.000.030.THRPRE_30min.2020-06.basic.20200728T150124Z.csv
NEON.D20.PUUM.DP1.00006.001.900.000.030.PRIPRE_30min.2020-07.basic.20200803T173826Z.csv,NEON.D20.PUUM.DP1.00006.001.001.000.030.THRPRE_30min.2020-07.basic.20200803T173826Z.csv
NEON.D20.PUUM.DP1.00006.001.900.000.030.PRIPRE_30min.2020-08.basic.20200917T222744Z.csv,NEON.D20.PUUM.DP1.00006.001.001.000.030.THRPRE_30min.2020-08.basic.20200917T222744Z.csv
NEON.D20.PUUM.DP1.00006.001.900.000.030.PRIPRE_30min.2020-09.basic.20201006T170814Z.csv,NEON.D20.PUUM.DP1.00006.001.001.000.030.THRPRE_30min.2020-09.basic.20201006T170814Z.csv
NEON.D20.PUUM.DP1.00006.001.900.000.030.PRIPRE_30min.2020-10.basic.20210319T183747Z.csv,NEON.D20.PUUM.DP1.00006.001.001.000.030.THRPRE_30min.2020-10.basic.20210319T183747Z.csv
NEON.D20.PUUM.DP1.00006.001.900.000.030.PRIPRE_30min.2020-11.basic.20210319T183701Z.csv,NEON.D20.PUUM.DP1.00006.001.001.000.030.THRPRE_30min.2020-11.basic.20210319T183701Z.csv
NEON.D20.PUUM.DP1.00006.001.900.000.030.PRIPRE_30min.2020-12.basic.20210319T183741Z.csv,NEON.D20.PUUM.DP1.00006.001.001.000.030.THRPRE_30min.2020-12.basic.20210319T183741Z.csv
